 x, Bphi, vr, vz, rho, Omega, Psi, T, P
 0.0000000E+00, 0.0000000E+00, 0.1000000E+01, 0.0000000E+00, 0.1000000E+01, 0.1000000E+01, 0.1000000E+01, 0.1000000E+01, 0.1000000E+01
 0.1000000E-03, -.1000000E-03, 0.1000000E+01, -.9924900E-04, 0.9999999E+00, 0.1000000E+01, 0.1000000E+01, 0.1000000E+01, 0.1000000E+01
 0.1010000E-01, -.1009976E-01, 0.1000366E+01, -.1002786E-01, 0.9995264E+00, 0.9999866E+00, 0.9999782E+00, 0.1000029E+01, 0.9995553E+00
 0.2010000E-01, -.2009791E-01, 0.1001602E+01, -.1998103E-01, 0.9979597E+00, 0.9999424E+00, 0.9999137E+00, 0.1000114E+01, 0.9980740E+00
 0.3010000E-01, -.3009281E-01, 0.1003664E+01, -.2998331E-01, 0.9953566E+00, 0.9998687E+00, 0.9998064E+00, 0.1000257E+01, 0.9956123E+00
 0.4010000E-01, -.4008283E-01, 0.1006558E+01, -.4005958E-01, 0.9917186E+00, 0.9997648E+00, 0.9996562E+00, 0.1000456E+01, 0.9921711E+00
 0.5010000E-01, -.5006627E-01, 0.1010298E+01, -.5023524E-01, 0.9870481E+00, 0.9996299E+00, 0.9994630E+00, 0.1000713E+01, 0.9877518E+00
 0.6010000E-01, -.6004141E-01, 0.1014900E+01, -.6053633E-01, 0.9813479E+00, 0.9994632E+00, 0.9992265E+00, 0.1001027E+01, 0.9823558E+00
 0.7010000E-01, -.7000645E-01, 0.1020383E+01, -.7098982E-01, 0.9746216E+00, 0.9992632E+00, 0.9989466E+00, 0.1001399E+01, 0.9759854E+00
 0.8010000E-01, -.7995951E-01, 0.1026771E+01, -.8162384E-01, 0.9668734E+00, 0.9990285E+00, 0.9986229E+00, 0.1001830E+01, 0.9686428E+00
 0.9010000E-01, -.8989863E-01, 0.1034091E+01, -.9246772E-01, 0.9581083E+00, 0.9987571E+00, 0.9982551E+00, 0.1002320E+01, 0.9603309E+00
 0.1001000E+00, -.9982172E-01, 0.1042377E+01, -.1035524E+00, 0.9483318E+00, 0.9984469E+00, 0.9978428E+00, 0.1002869E+01, 0.9510528E+00
 0.1101000E+00, -.1097266E+00, 0.1051665E+01, -.1149107E+00, 0.9375503E+00, 0.9980952E+00, 0.9973857E+00, 0.1003479E+01, 0.9408122E+00
 0.1201000E+00, -.1196108E+00, 0.1061998E+01, -.1265773E+00, 0.9257708E+00, 0.9976991E+00, 0.9968831E+00, 0.1004150E+01, 0.9296131E+00
 0.1301000E+00, -.1294720E+00, 0.1073424E+01, -.1385895E+00, 0.9130010E+00, 0.9972550E+00, 0.9963346E+00, 0.1004884E+01, 0.9174600E+00
 0.1401000E+00, -.1393072E+00, 0.1085997E+01, -.1509873E+00, 0.8992495E+00, 0.9967588E+00, 0.9957396E+00, 0.1005680E+01, 0.9043578E+00
 0.1501000E+00, -.1491137E+00, 0.1099776E+01, -.1638135E+00, 0.8845256E+00, 0.9962059E+00, 0.9950974E+00, 0.1006541E+01, 0.8903120E+00
 0.1601000E+00, -.1588881E+00, 0.1114831E+01, -.1771148E+00, 0.8688394E+00, 0.9955907E+00, 0.9944074E+00, 0.1007468E+01, 0.8753284E+00
 0.1701000E+00, -.1686270E+00, 0.1131235E+01, -.1909416E+00, 0.8522019E+00, 0.9949069E+00, 0.9936686E+00, 0.1008462E+01, 0.8594136E+00
 0.1801000E+00, -.1783264E+00, 0.1149072E+01, -.2053487E+00, 0.8346250E+00, 0.9941472E+00, 0.9928803E+00, 0.1009524E+01, 0.8425747E+00
 0.1901000E+00, -.1879822E+00, 0.1168435E+01, -.2203960E+00, 0.8161217E+00, 0.9933029E+00, 0.9920415E+00, 0.1010657E+01, 0.8248195E+00
 0.2001000E+00, -.1975895E+00, 0.1189424E+01, -.2361487E+00, 0.7967057E+00, 0.9923641E+00, 0.9911513E+00, 0.1011862E+01, 0.8061563E+00
 0.2101000E+00, -.2071433E+00, 0.1212151E+01, -.2526781E+00, 0.7763923E+00, 0.9913189E+00, 0.9902084E+00, 0.1013140E+01, 0.7865944E+00
 0.2201000E+00, -.2166377E+00, 0.1236739E+01, -.2700621E+00, 0.7551976E+00, 0.9901538E+00, 0.9892118E+00, 0.1014494E+01, 0.7661441E+00
 0.2301000E+00, -.2260661E+00, 0.1263319E+01, -.2883857E+00, 0.7331394E+00, 0.9888525E+00, 0.9881601E+00, 0.1015927E+01, 0.7448165E+00
 0.2401000E+00, -.2354213E+00, 0.1292033E+01, -.3077415E+00, 0.7102369E+00, 0.9873960E+00, 0.9870519E+00, 0.1017440E+01, 0.7226242E+00
 0.2501000E+00, -.2446949E+00, 0.1323032E+01, -.3282292E+00, 0.6865112E+00, 0.9857616E+00, 0.9858858E+00, 0.1019037E+01, 0.6995810E+00
 0.2601000E+00, -.2538774E+00, 0.1356472E+01, -.3499562E+00, 0.6619854E+00, 0.9839225E+00, 0.9846600E+00, 0.1020721E+01, 0.6757027E+00
 0.2701000E+00, -.2629583E+00, 0.1392510E+01, -.3730357E+00, 0.6366853E+00, 0.9818468E+00, 0.9833729E+00, 0.1022494E+01, 0.6510071E+00
 0.2801000E+00, -.2719252E+00, 0.1431296E+01, -.3975852E+00, 0.6106395E+00, 0.9794962E+00, 0.9820224E+00, 0.1024359E+01, 0.6255148E+00
 0.2901000E+00, -.2807640E+00, 0.1472961E+01, -.4237215E+00, 0.5838805E+00, 0.9768254E+00, 0.9806066E+00, 0.1026322E+01, 0.5992498E+00
 0.3001000E+00, -.2894583E+00, 0.1517596E+01, -.4515542E+00, 0.5564454E+00, 0.9737797E+00, 0.9791233E+00, 0.1028385E+01, 0.5722407E+00
 0.3101000E+00, -.2979892E+00, 0.1565220E+01, -.4811736E+00, 0.5283773E+00, 0.9702944E+00, 0.9775700E+00, 0.1030554E+01, 0.5445217E+00
 0.3201000E+00, -.3063348E+00, 0.1615734E+01, -.5126317E+00, 0.4997270E+00, 0.9662929E+00, 0.9759441E+00, 0.1032832E+01, 0.5161345E+00
 0.3301000E+00, -.3144693E+00, 0.1668851E+01, -.5459128E+00, 0.4705551E+00, 0.9616853E+00, 0.9742431E+00, 0.1035225E+01, 0.4871310E+00
 0.3401000E+00, -.3223628E+00, 0.1723992E+01, -.5808888E+00, 0.4409354E+00, 0.9563687E+00, 0.9724639E+00, 0.1037738E+01, 0.4575762E+00
 0.3501000E+00, -.3299808E+00, 0.1780140E+01, -.6172530E+00, 0.4109586E+00, 0.9502286E+00, 0.9706037E+00, 0.1040378E+01, 0.4275527E+00
 0.3601000E+00, -.3372831E+00, 0.1835648E+01, -.6544275E+00, 0.3807374E+00, 0.9431454E+00, 0.9686592E+00, 0.1043149E+01, 0.3971666E+00
 0.3701000E+00, -.3442247E+00, 0.1887991E+01, -.6914401E+00, 0.3504135E+00, 0.9350060E+00, 0.9666275E+00, 0.1046059E+01, 0.3665538E+00
 0.3801000E+00, -.3507552E+00, 0.1933509E+01, -.7267810E+00, 0.3201639E+00, 0.9257268E+00, 0.9645055E+00, 0.1049113E+01, 0.3358887E+00
 0.3901000E+00, -.3568212E+00, 0.1967210E+01, -.7582676E+00, 0.2902087E+00, 0.9152887E+00, 0.9622906E+00, 0.1052318E+01, 0.3053924E+00
 0.4001000E+00, -.3623695E+00, 0.1982800E+01, -.7829906E+00, 0.2608161E+00, 0.9037844E+00, 0.9599806E+00, 0.1055678E+01, 0.2753385E+00
 0.4101000E+00, -.3673524E+00, 0.1973187E+01, -.7974506E+00, 0.2323013E+00, 0.8914691E+00, 0.9575742E+00, 0.1059199E+01, 0.2460540E+00
 0.4201000E+00, -.3717347E+00, 0.1931649E+01, -.7980116E+00, 0.2050166E+00, 0.8787917E+00, 0.9550714E+00, 0.1062883E+01, 0.2179092E+00
 0.4301000E+00, -.3755021E+00, 0.1853652E+01, -.7816987E+00, 0.1793259E+00, 0.8663777E+00, 0.9524738E+00, 0.1066730E+01, 0.1912929E+00
 0.4401000E+00, -.3786668E+00, 0.1738775E+01, -.7471565E+00, 0.1555679E+00, 0.8549416E+00, 0.9497845E+00, 0.1070739E+01, 0.1665731E+00
 0.4501000E+00, -.3812691E+00, 0.1591790E+01, -.6953429E+00, 0.1340107E+00, 0.8451444E+00, 0.9470088E+00, 0.1074904E+01, 0.1440491E+00
 0.4601000E+00, -.3833730E+00, 0.1422085E+01, -.6295255E+00, 0.1148147E+00, 0.8374499E+00, 0.9441534E+00, 0.1079218E+01, 0.1239106E+00
 0.4701000E+00, -.3850572E+00, 0.1241473E+01, -.5544855E+00, 0.9801412E-01, 0.8320458E+00, 0.9412264E+00, 0.1083672E+01, 0.1062157E+00
 0.4801000E+00, -.3864037E+00, 0.1061413E+01, -.4753058E+00, 0.8352474E-01, 0.8288552E+00, 0.9382365E+00, 0.1088255E+01, 0.9089677E-01
 0.4901000E+00, -.3874893E+00, 0.8908697E+00, -.3963075E+00, 0.7117159E-01, 0.8276162E+00, 0.9351922E+00, 0.1092956E+01, 0.7778799E-01
 0.5001000E+00, -.3883798E+00, 0.7354587E+00, -.3204954E+00, 0.6072575E-01, 0.8279814E+00, 0.9321020E+00, 0.1097764E+01, 0.6666315E-01
 0.5101000E+00, -.3891280E+00, 0.5976938E+00, -.2495179E+00, 0.5193838E-01, 0.8295968E+00, 0.9289734E+00, 0.1102670E+01, 0.5727149E-01
 0.5201000E+00, -.3897745E+00, 0.4777989E+00, -.1839349E+00, 0.4456588E-01, 0.8321482E+00, 0.9258131E+00, 0.1107665E+01, 0.4936464E-01
 0.5301000E+00, -.3903492E+00, 0.3745955E+00, -.1235730E+00, 0.3838491E-01, 0.8353795E+00, 0.9226271E+00, 0.1112740E+01, 0.4271301E-01
 0.5401000E+00, -.3908738E+00, 0.2862105E+00, -.6784064E-01, 0.3319924E-01, 0.8390919E+00, 0.9194205E+00, 0.1117890E+01, 0.3711367E-01
 0.5501000E+00, -.3913640E+00, 0.2105491E+00, -.1595408E-01, 0.2884114E-01, 0.8431358E+00, 0.9161974E+00, 0.1123108E+01, 0.3239228E-01
 0.5601000E+00, -.3918306E+00, 0.1455671E+00, 0.3291853E-01, 0.2516976E-01, 0.8474010E+00, 0.9129615E+00, 0.1128389E+01, 0.2840186E-01
 0.5701000E+00, -.3922813E+00, 0.8940665E-01, 0.7957538E-01, 0.2206809E-01, 0.8518068E+00, 0.9097158E+00, 0.1133730E+01, 0.2501984E-01
 0.5801000E+00, -.3927216E+00, 0.4044786E-01, 0.1247395E+00, 0.1943953E-01, 0.8562944E+00, 0.9064630E+00, 0.1139127E+01, 0.2214469E-01
 0.5901000E+00, -.3931553E+00, -.2685698E-02, 0.1690415E+00, 0.1720463E-01, 0.8608211E+00, 0.9032051E+00, 0.1144578E+01, 0.1969263E-01
 0.6001000E+00, -.3935850E+00, -.4114338E-01, 0.2130149E+00, 0.1529806E-01, 0.8653561E+00, 0.8999440E+00, 0.1150080E+01, 0.1759458E-01
 0.6101000E+00, -.3940124E+00, -.7587318E-01, 0.2570988E+00, 0.1366614E-01, 0.8698776E+00, 0.8966813E+00, 0.1155630E+01, 0.1579360E-01
 0.6201000E+00, -.3944390E+00, -.1076491E+00, 0.3016429E+00, 0.1226469E-01, 0.8743706E+00, 0.8934182E+00, 0.1161229E+01, 0.1424271E-01
 0.6301000E+00, -.3948656E+00, -.1370970E+00, 0.3469129E+00, 0.1105732E-01, 0.8788255E+00, 0.8901559E+00, 0.1166873E+01, 0.1290309E-01
 0.6401000E+00, -.3952927E+00, -.1647171E+00, 0.3930956E+00, 0.1001398E-01, 0.8832375E+00, 0.8868953E+00, 0.1172562E+01, 0.1174261E-01
 0.6501000E+00, -.3957208E+00, -.1909030E+00, 0.4403029E+00, 0.9109820E-02, 0.8876054E+00, 0.8836372E+00, 0.1178296E+01, 0.1073466E-01
 0.6601000E+00, -.3961500E+00, -.2159577E+00, 0.4885740E+00, 0.8324259E-02, 0.8919319E+00, 0.8803825E+00, 0.1184073E+01, 0.9857121E-02
 0.6701000E+00, -.3965806E+00, -.2401052E+00, 0.5378759E+00, 0.7640236E-02, 0.8962232E+00, 0.8771316E+00, 0.1189893E+01, 0.9091650E-02
 0.6801000E+00, -.3970125E+00, -.2635008E+00, 0.5881011E+00, 0.7043600E-02, 0.9004892E+00, 0.8738851E+00, 0.1195755E+01, 0.8423006E-02
 0.6901000E+00, -.3974457E+00, -.2862367E+00, 0.6390639E+00, 0.6522626E-02, 0.9047436E+00, 0.8706435E+00, 0.1201659E+01, 0.7838557E-02
 0.7001000E+00, -.3978802E+00, -.3083472E+00, 0.6904923E+00, 0.6067625E-02, 0.9090044E+00, 0.8674072E+00, 0.1207604E+01, 0.7327876E-02
 0.7101000E+00, -.3983157E+00, -.3298097E+00, 0.7420183E+00, 0.5670639E-02, 0.9132948E+00, 0.8641766E+00, 0.1213591E+01, 0.6882422E-02
 0.7201000E+00, -.3987520E+00, -.3505454E+00, 0.7931637E+00, 0.5325198E-02, 0.9176438E+00, 0.8609519E+00, 0.1219619E+01, 0.6495297E-02
 0.7301000E+00, -.3991889E+00, -.3704165E+00, 0.8433241E+00, 0.5026132E-02, 0.9220872E+00, 0.8577336E+00, 0.1225687E+01, 0.6161054E-02
 0.7401000E+00, -.3996260E+00, -.3892247E+00, 0.8917522E+00, 0.4769435E-02, 0.9266685E+00, 0.8545219E+00, 0.1231797E+01, 0.5875564E-02
 0.7501000E+00, -.4000630E+00, -.4067085E+00, 0.9375443E+00, 0.4552148E-02, 0.9314402E+00, 0.8513169E+00, 0.1237948E+01, 0.5635909E-02
 0.7601000E+00, -.4004993E+00, -.4225453E+00, 0.9796375E+00, 0.4372269E-02, 0.9364639E+00, 0.8481191E+00, 0.1244140E+01, 0.5440301E-02
 0.7701000E+00, -.4009344E+00, -.4363605E+00, 0.1016831E+01, 0.4228660E-02, 0.9418093E+00, 0.8449285E+00, 0.1250373E+01, 0.5287988E-02
 0.7801000E+00, -.4013676E+00, -.4477499E+00, 0.1047845E+01, 0.4120923E-02, 0.9475514E+00, 0.8417454E+00, 0.1256647E+01, 0.5179131E-02
 0.7901000E+00, -.4017984E+00, -.4563194E+00, 0.1071427E+01, 0.4049230E-02, 0.9537646E+00, 0.8385701E+00, 0.1262962E+01, 0.5114609E-02
 0.8001000E+00, -.4022262E+00, -.4617420E+00, 0.1086515E+01, 0.4014100E-02, 0.9605141E+00, 0.8354026E+00, 0.1269318E+01, 0.5095757E-02
 0.8101000E+00, -.4026505E+00, -.4638215E+00, 0.1092415E+01, 0.4016162E-02, 0.9678455E+00, 0.8322433E+00, 0.1275715E+01, 0.5124066E-02
 0.8201000E+00, -.4030712E+00, -.4625448E+00, 0.1088939E+01, 0.4055960E-02, 0.9757766E+00, 0.8290923E+00, 0.1282154E+01, 0.5200953E-02
 0.8301000E+00, -.4034880E+00, -.4580990E+00, 0.1076459E+01, 0.4133909E-02, 0.9842934E+00, 0.8259499E+00, 0.1288633E+01, 0.5327680E-02
 0.8401000E+00, -.4039013E+00, -.4508469E+00, 0.1055832E+01, 0.4250408E-02, 0.9933542E+00, 0.8228163E+00, 0.1295153E+01, 0.5505515E-02
 0.8501000E+00, -.4043112E+00, -.4412709E+00, 0.1028243E+01, 0.4406095E-02, 0.1002898E+01, 0.8196918E+00, 0.1301712E+01, 0.5736055E-02
 0.8601000E+00, -.4047181E+00, -.4299089E+00, 0.9950285E+00, 0.4602148E-02, 0.1012852E+01, 0.8165765E+00, 0.1308311E+01, 0.6021630E-02
 0.8701000E+00, -.4051223E+00, -.4173030E+00, 0.9575315E+00, 0.4840565E-02, 0.1023147E+01, 0.8134709E+00, 0.1314949E+01, 0.6365683E-02
 0.8801000E+00, -.4055241E+00, -.4039681E+00, 0.9170145E+00, 0.5124390E-02, 0.1033714E+01, 0.8103752E+00, 0.1321624E+01, 0.6773107E-02
 0.8901000E+00, -.4059237E+00, -.3903803E+00, 0.8746198E+00, 0.5457911E-02, 0.1044492E+01, 0.8072898E+00, 0.1328338E+01, 0.7250538E-02
 0.9001000E+00, -.4063212E+00, -.3769778E+00, 0.8313658E+00, 0.5846853E-02, 0.1055430E+01, 0.8042150E+00, 0.1335087E+01, 0.7806649E-02
 0.9101000E+00, -.4067167E+00, -.3641690E+00, 0.7881615E+00, 0.6298593E-02, 0.1066482E+01, 0.8011515E+00, 0.1341872E+01, 0.8452498E-02
 0.9201000E+00, -.4071099E+00, -.3523453E+00, 0.7458290E+00, 0.6822442E-02, 0.1077609E+01, 0.7980996E+00, 0.1348692E+01, 0.9201962E-02
 0.9301000E+00, -.4075007E+00, -.3418939E+00, 0.7051290E+00, 0.7430003E-02, 0.1088776E+01, 0.7950602E+00, 0.1355544E+01, 0.1007229E-01
 0.9401000E+00, -.4078887E+00, -.3332130E+00, 0.6667854E+00, 0.8135635E-02, 0.1099953E+01, 0.7920338E+00, 0.1362427E+01, 0.1108480E-01
 0.9501000E+00, -.4082733E+00, -.3267270E+00, 0.6315104E+00, 0.8957055E-02, 0.1111114E+01, 0.7890214E+00, 0.1369340E+01, 0.1226584E-01
 0.9601000E+00, -.4086535E+00, -.3229040E+00, 0.6000296E+00, 0.9916106E-02, 0.1122235E+01, 0.7860239E+00, 0.1376278E+01, 0.1364792E-01
 0.9701000E+00, -.4090283E+00, -.3222753E+00, 0.5731084E+00, 0.1103974E-01, 0.1133290E+01, 0.7830428E+00, 0.1383241E+01, 0.1527121E-01
 0.9801000E+00, -.4093960E+00, -.3254591E+00, 0.5515822E+00, 0.1236127E-01, 0.1144260E+01, 0.7800794E+00, 0.1390222E+01, 0.1718551E-01
 0.9901000E+00, -.4097543E+00, -.3331883E+00, 0.5363915E+00, 0.1392194E-01, 0.1155119E+01, 0.7771356E+00, 0.1397219E+01, 0.1945260E-01
 0.1000100E+01, -.4101001E+00, -.3463450E+00, 0.5286236E+00, 0.1577296E-01, 0.1165843E+01, 0.7742136E+00, 0.1404225E+01, 0.2214938E-01
 0.1010100E+01, -.4104289E+00, -.3660020E+00, 0.5295647E+00, 0.1797802E-01, 0.1176403E+01, 0.7713159E+00, 0.1411233E+01, 0.2537178E-01
 0.1020100E+01, -.4107345E+00, -.3934712E+00, 0.5407600E+00, 0.2061650E-01, 0.1186764E+01, 0.7684460E+00, 0.1418234E+01, 0.2923963E-01
 0.1030100E+01, -.4110081E+00, -.4303605E+00, 0.5640863E+00, 0.2378734E-01, 0.1196880E+01, 0.7656078E+00, 0.1425217E+01, 0.3390275E-01
 0.1040100E+01, -.4112371E+00, -.4786324E+00, 0.6018301E+00, 0.2761388E-01, 0.1206689E+01, 0.7628064E+00, 0.1432169E+01, 0.3954837E-01
 0.1050100E+01, -.4114032E+00, -.5406571E+00, 0.6567636E+00, 0.3224940E-01, 0.1216103E+01, 0.7600478E+00, 0.1439073E+01, 0.4640986E-01
 0.1060100E+01, -.4114799E+00, -.6192394E+00, 0.7321962E+00, 0.3788336E-01, 0.1225001E+01, 0.7573397E+00, 0.1445907E+01, 0.5477644E-01
 0.1070100E+01, -.4114288E+00, -.7175805E+00, 0.8319590E+00, 0.4474745E-01, 0.1233210E+01, 0.7546916E+00, 0.1452644E+01, 0.6500275E-01
 0.1080100E+01, -.4111940E+00, -.8391082E+00, 0.9602438E+00, 0.5311995E-01, 0.1240489E+01, 0.7521153E+00, 0.1459252E+01, 0.7751602E-01
 0.1090100E+01, -.4106949E+00, -.9870709E+00, 0.1121176E+01, 0.6332525E-01, 0.1246510E+01, 0.7496253E+00, 0.1465688E+01, 0.9281570E-01
 0.1100100E+01, -.4098172E+00, -.1163765E+01, 0.1317959E+01, 0.7572301E-01, 0.1250850E+01, 0.7472393E+00, 0.1471902E+01, 0.1114575E+00
 0.1110100E+01, -.4084037E+00, -.1369300E+01, 0.1551455E+01, 0.9067885E-01, 0.1253007E+01, 0.7449787E+00, 0.1477832E+01, 0.1340087E+00
 0.1120100E+01, -.4062477E+00, -.1599994E+01, 0.1818289E+01, 0.1085067E+00, 0.1252471E+01, 0.7428690E+00, 0.1483404E+01, 0.1609599E+00
 0.1130100E+01, -.4030964E+00, -.1846971E+01, 0.2109062E+01, 0.1293772E+00, 0.1248867E+01, 0.7409392E+00, 0.1488533E+01, 0.1925828E+00
 0.1140100E+01, -.3986703E+00, -.2096011E+01, 0.2407935E+01, 0.1532004E+00, 0.1242158E+01, 0.7392211E+00, 0.1493125E+01, 0.2287481E+00
 0.1150100E+01, -.3927041E+00, -.2329770E+01, 0.2694909E+01, 0.1795160E+00, 0.1232812E+01, 0.7377481E+00, 0.1497082E+01, 0.2687509E+00
 0.1160100E+01, -.3849988E+00, -.2532109E+01, 0.2950691E+01, 0.2074409E+00, 0.1221803E+01, 0.7365533E+00, 0.1500305E+01, 0.3112253E+00
 0.1170100E+01, -.3754694E+00, -.2692411E+01, 0.3161814E+01, 0.2357114E+00, 0.1210397E+01, 0.7356673E+00, 0.1502704E+01, 0.3542050E+00
 0.1180100E+01, -.3641674E+00, -.2807348E+01, 0.3323002E+01, 0.2628091E+00, 0.1199839E+01, 0.7351167E+00, 0.1504197E+01, 0.3953173E+00
 0.1190100E+01, -.3512761E+00, -.2879458E+01, 0.3435837E+01, 0.2871171E+00, 0.1191115E+01, 0.7349240E+00, 0.1504721E+01, 0.4320318E+00
 0.1200100E+01, -.3370885E+00, -.2913984E+01, 0.3505272E+01, 0.3070547E+00, 0.1184886E+01, 0.7351069E+00, 0.1504224E+01, 0.4618798E+00
 0.1210100E+01, -.3219834E+00, -.2915775E+01, 0.3536004E+01, 0.3211700E+00, 0.1181544E+01, 0.7356793E+00, 0.1502672E+01, 0.4826138E+00
 0.1220100E+01, -.3064072E+00, -.2887078E+01, 0.3529769E+01, 0.3282076E+00, 0.1181304E+01, 0.7366510E+00, 0.1500043E+01, 0.4923262E+00
 0.1230100E+01, -.2908629E+00, -.2826257E+01, 0.3483631E+01, 0.3271842E+00, 0.1184252E+01, 0.7380283E+00, 0.1496330E+01, 0.4895762E+00
 0.1240100E+01, -.2758994E+00, -.2727301E+01, 0.3389180E+01, 0.3175062E+00, 0.1190329E+01, 0.7398130E+00, 0.1491543E+01, 0.4735748E+00
 0.1250100E+01, -.2620892E+00, -.2580504E+01, 0.3233168E+01, 0.2991574E+00, 0.1199181E+01, 0.7420013E+00, 0.1485709E+01, 0.4444617E+00
 0.1260100E+01, -.2499780E+00, -.2375463E+01, 0.3001105E+01, 0.2729433E+00, 0.1209930E+01, 0.7445822E+00, 0.1478881E+01, 0.4036513E+00
 0.1270100E+01, -.2399944E+00, -.2107665E+01, 0.2685591E+01, 0.2406959E+00, 0.1220950E+01, 0.7475347E+00, 0.1471136E+01, 0.3540973E+00
 0.1280100E+01, -.2323331E+00, -.1787260E+01, 0.2297853E+01, 0.2052274E+00, 0.1229991E+01, 0.7508267E+00, 0.1462584E+01, 0.3001631E+00
 0.1290100E+01, -.2268770E+00, -.1442890E+01, 0.1873400E+01, 0.1698160E+00, 0.1234907E+01, 0.7544159E+00, 0.1453359E+01, 0.2468043E+00
 0.1300100E+01, -.2232362E+00, -.1112669E+01, 0.1461223E+01, 0.1373293E+00, 0.1234644E+01, 0.7582531E+00, 0.1443609E+01, 0.1982505E+00
 0.1310100E+01, -.2209030E+00, -.8270574E+00, 0.1101808E+01, 0.1095074E+00, 0.1229565E+01, 0.7622887E+00, 0.1433477E+01, 0.1569771E+00
 0.1320100E+01, -.2194143E+00, -.5987600E+00, 0.8134127E+00, 0.8684724E-01, 0.1220879E+01, 0.7664778E+00, 0.1423090E+01, 0.1235922E+00
 0.1330100E+01, -.2184306E+00, -.4252683E+00, 0.5945501E+00, 0.6898097E-01, 0.1209871E+01, 0.7707832E+00, 0.1412552E+01, 0.9743995E-01
 0.1340100E+01, -.2177355E+00, -.2967201E+00, 0.4337533E+00, 0.5514952E-01, 0.1197513E+01, 0.7751756E+00, 0.1401940E+01, 0.7731707E-01
 0.1350100E+01, -.2172020E+00, -.2019947E+00, 0.3174255E+00, 0.4452917E-01, 0.1184429E+01, 0.7796332E+00, 0.1391312E+01, 0.6195473E-01
 0.1360100E+01, -.2167589E+00, -.1315329E+00, 0.2336006E+00, 0.3638771E-01, 0.1170989E+01, 0.7841399E+00, 0.1380709E+01, 0.5024162E-01
 0.1370100E+01, -.2163668E+00, -.7804029E-01, 0.1729746E+00, 0.3013169E-01, 0.1157406E+01, 0.7886837E+00, 0.1370161E+01, 0.4128605E-01
 0.1380100E+01, -.2160040E+00, -.3628829E-01, 0.1287352E+00, 0.2530239E-01, 0.1143803E+01, 0.7932559E+00, 0.1359689E+01, 0.3440415E-01
 0.1390100E+01, -.2156584E+00, -.2669656E-02, 0.9604260E-01, 0.2155378E-01, 0.1130259E+01, 0.7978500E+00, 0.1349306E+01, 0.2908342E-01
 0.1400100E+01, -.2153233E+00, 0.2523167E-01, 0.7150792E-01, 0.1862793E-01, 0.1116822E+01, 0.8024614E+00, 0.1339022E+01, 0.2494399E-01
 0.1410100E+01, -.2149948E+00, 0.4898398E-01, 0.5277324E-01, 0.1633345E-01, 0.1103531E+01, 0.8070864E+00, 0.1328846E+01, 0.2170542E-01
 0.1420100E+01, -.2146706E+00, 0.6956286E-01, 0.3820159E-01, 0.1452850E-01, 0.1090416E+01, 0.8117223E+00, 0.1318781E+01, 0.1916067E-01
 0.1430100E+01, -.2143493E+00, 0.8753591E-01, 0.2665685E-01, 0.1310776E-01, 0.1077500E+01, 0.8163669E+00, 0.1308829E+01, 0.1715659E-01
 0.1440100E+01, -.2140301E+00, 0.1031966E+00, 0.1735028E-01, 0.1199297E-01, 0.1064808E+01, 0.8210187E+00, 0.1298995E+01, 0.1557955E-01
 0.1450100E+01, -.2137124E+00, 0.1166627E+00, 0.9733839E-02, 0.1112589E-01, 0.1052358E+01, 0.8256763E+00, 0.1289277E+01, 0.1434510E-01
 0.1460100E+01, -.2133959E+00, 0.1279495E+00, 0.3425794E-02, 0.1046331E-01, 0.1040167E+01, 0.8303387E+00, 0.1279676E+01, 0.1339040E-01
 0.1470100E+01, -.2130803E+00, 0.1370259E+00, -.1841565E-02, 0.9973396E-02, 0.1028250E+01, 0.8350050E+00, 0.1270193E+01, 0.1266888E-01
 0.1480100E+01, -.2127656E+00, 0.1438567E+00, -.6259109E-02, 0.9633045E-02, 0.1016615E+01, 0.8396745E+00, 0.1260828E+01, 0.1214635E-01
 0.1490100E+01, -.2124516E+00, 0.1484329E+00, -.9967501E-02, 0.9426058E-02, 0.1005267E+01, 0.8443466E+00, 0.1251578E+01, 0.1179818E-01
 0.1500100E+01, -.2121383E+00, 0.1507928E+00, -.1307629E-01, 0.9341833E-02, 0.9942082E+00, 0.8490206E+00, 0.1242444E+01, 0.1160744E-01
 0.1510100E+01, -.2118257E+00, 0.1510325E+00, -.1567749E-01, 0.9374499E-02, 0.9834334E+00, 0.8536961E+00, 0.1233424E+01, 0.1156347E-01
 0.1520100E+01, -.2115140E+00, 0.1493086E+00, -.1785499E-01, 0.9522393E-02, 0.9729344E+00, 0.8583725E+00, 0.1224518E+01, 0.1166108E-01
 0.1530100E+01, -.2112031E+00, 0.1458340E+00, -.1969082E-01, 0.9787802E-02, 0.9626993E+00, 0.8630493E+00, 0.1215724E+01, 0.1190000E-01
 0.1540100E+01, -.2108932E+00, 0.1408672E+00, -.2126906E-01, 0.1017696E-01, 0.9527131E+00, 0.8677260E+00, 0.1207041E+01, 0.1228475E-01
 0.1550100E+01, -.2105843E+00, 0.1347003E+00, -.2267824E-01, 0.1070027E-01, 0.9429593E+00, 0.8724021E+00, 0.1198468E+01, 0.1282468E-01
 0.1560100E+01, -.2102767E+00, 0.1276442E+00, -.2401263E-01, 0.1137273E-01, 0.9334201E+00, 0.8770770E+00, 0.1190004E+01, 0.1353435E-01
 0.1570100E+01, -.2099705E+00, 0.1200157E+00, -.2537317E-01, 0.1221463E-01, 0.9240778E+00, 0.8817500E+00, 0.1181649E+01, 0.1443415E-01
 0.1580100E+01, -.2096658E+00, 0.1121258E+00, -.2686835E-01, 0.1325249E-01, 0.9149155E+00, 0.8864203E+00, 0.1173400E+01, 0.1555123E-01
 0.1590100E+01, -.2093628E+00, 0.1042707E+00, -.2861546E-01, 0.1452037E-01, 0.9059177E+00, 0.8910871E+00, 0.1165259E+01, 0.1692075E-01
 0.1600100E+01, -.2090618E+00, 0.9672641E-01, -.3074251E-01, 0.1606150E-01, 0.8970707E+00, 0.8957493E+00, 0.1157224E+01, 0.1858752E-01
 0.1610100E+01, -.2087630E+00, 0.8974541E-01, -.3339089E-01, 0.1793043E-01, 0.8883630E+00, 0.9004058E+00, 0.1149296E+01, 0.2060814E-01
 0.1620100E+01, -.2084666E+00, 0.8355699E-01, -.3671921E-01, 0.2019575E-01, 0.8797857E+00, 0.9050550E+00, 0.1141474E+01, 0.2305372E-01
 0.1630100E+01, -.2081732E+00, 0.7836974E-01, -.4090826E-01, 0.2294357E-01, 0.8713322E+00, 0.9096953E+00, 0.1133761E+01, 0.2601332E-01
 0.1640100E+01, -.2078830E+00, 0.7437636E-01, -.4616736E-01, 0.2628176E-01, 0.8629986E+00, 0.9143243E+00, 0.1126156E+01, 0.2959818E-01
 0.1650100E+01, -.2075969E+00, 0.7176036E-01, -.5274208E-01, 0.3034530E-01, 0.8547834E+00, 0.9189396E+00, 0.1118662E+01, 0.3394699E-01
 0.1660100E+01, -.2073158E+00, 0.7070436E-01, -.6092349E-01, 0.3530278E-01, 0.8466879E+00, 0.9235379E+00, 0.1111283E+01, 0.3923223E-01
 0.1670100E+01, -.2070407E+00, 0.7139926E-01, -.7105856E-01, 0.4136413E-01, 0.8387156E+00, 0.9281152E+00, 0.1104021E+01, 0.4566776E-01
 0.1680100E+01, -.2067735E+00, 0.7405408E-01, -.8356137E-01, 0.4878955E-01, 0.8308730E+00, 0.9326665E+00, 0.1096882E+01, 0.5351731E-01
 0.1690100E+01, -.2065166E+00, 0.7890522E-01, -.9892392E-01, 0.5789934E-01, 0.8231693E+00, 0.9371857E+00, 0.1089874E+01, 0.6310390E-01
 0.1700100E+01, -.2062734E+00, 0.8622397E-01, -.1177246E+00, 0.6908372E-01, 0.8156167E+00, 0.9416650E+00, 0.1083003E+01, 0.7481887E-01
 0.1710100E+01, -.2060486E+00, 0.9632004E-01, -.1406307E+00, 0.8281101E-01, 0.8082309E+00, 0.9460950E+00, 0.1076283E+01, 0.8912910E-01
 0.1720100E+01, -.2058494E+00, 0.1095379E+00, -.1683892E+00, 0.9963098E-01, 0.8010317E+00, 0.9504636E+00, 0.1069727E+01, 0.1065790E+00
 0.1730100E+01, -.2056852E+00, 0.1262412E+00, -.2017976E+00, 0.1201682E+00, 0.7940438E+00, 0.9547561E+00, 0.1063353E+01, 0.1277823E+00
 0.1740100E+01, -.2055696E+00, 0.1467782E+00, -.2416411E+00, 0.1450972E+00, 0.7872972E+00, 0.9589541E+00, 0.1057183E+01, 0.1533954E+00
 0.1750100E+01, -.2055213E+00, 0.1714202E+00, -.2885823E+00, 0.1750884E+00, 0.7808283E+00, 0.9630349E+00, 0.1051245E+01, 0.1840619E+00
 0.1760100E+01, -.2055651E+00, 0.2002659E+00, -.3429856E+00, 0.2107095E+00, 0.7746803E+00, 0.9669712E+00, 0.1045573E+01, 0.2203133E+00
 0.1770100E+01, -.2057328E+00, 0.2331051E+00, -.4046676E+00, 0.2522707E+00, 0.7689023E+00, 0.9707299E+00, 0.1040206E+01, 0.2624147E+00
 0.1780100E+01, -.2060634E+00, 0.2692515E+00, -.4725817E+00, 0.2996044E+00, 0.7635484E+00, 0.9742720E+00, 0.1035192E+01, 0.3101494E+00
 0.1790100E+01, -.2066002E+00, 0.3073701E+00, -.5444862E+00, 0.3517975E+00, 0.7586744E+00, 0.9775530E+00, 0.1030586E+01, 0.3625588E+00
 0.1800100E+01, -.2073852E+00, 0.3453582E+00, -.6166967E+00, 0.4069267E+00, 0.7543332E+00, 0.9805231E+00, 0.1026447E+01, 0.4176898E+00
 0.1810100E+01, -.2084498E+00, 0.3803615E+00, -.6840771E+00, 0.4618992E+00, 0.7505702E+00, 0.9831298E+00, 0.1022838E+01, 0.4724494E+00
 0.1820100E+01, -.2098019E+00, 0.4090100E+00, -.7404317E+00, 0.5125355E+00, 0.7474199E+00, 0.9853202E+00, 0.1019823E+01, 0.5226966E+00
 0.1830100E+01, -.2114142E+00, 0.4279071E+00, -.7793750E+00, 0.5540124E+00, 0.7449069E+00, 0.9870455E+00, 0.1017459E+01, 0.5636859E+00
 0.1840100E+01, -.2132186E+00, 0.4343052E+00, -.7955734E+00, 0.5816777E+00, 0.7430506E+00, 0.9882653E+00, 0.1015793E+01, 0.5908654E+00
 0.1850100E+01, -.2151126E+00, 0.4267840E+00, -.7860322E+00, 0.5920643E+00, 0.7418714E+00, 0.9889524E+00, 0.1014857E+01, 0.6008616E+00
 0.1860100E+01, -.2169780E+00, 0.4056859E+00, -.7509732E+00, 0.5837680E+00, 0.7413932E+00, 0.9890962E+00, 0.1014661E+01, 0.5923279E+00
 0.1870100E+01, -.2187060E+00, 0.3731170E+00, -.6939235E+00, 0.5578347E+00, 0.7416389E+00, 0.9887037E+00, 0.1015195E+01, 0.5663125E+00
 0.1880100E+01, -.2202196E+00, 0.3324801E+00, -.6209259E+00, 0.5174823E+00, 0.7426195E+00, 0.9877993E+00, 0.1016429E+01, 0.5259850E+00
 0.1890100E+01, -.2214837E+00, 0.2877075E+00, -.5391534E+00, 0.4672757E+00, 0.7443244E+00, 0.9864214E+00, 0.1018312E+01, 0.4758338E+00
 0.1900100E+01, -.2225023E+00, 0.2424745E+00, -.4554403E+00, 0.4120980E+00, 0.7467170E+00, 0.9846181E+00, 0.1020787E+01, 0.4206656E+00
 0.1910100E+01, -.2233058E+00, 0.1996426E+00, -.3752059E+00, 0.3562792E+00, 0.7497382E+00, 0.9824421E+00, 0.1023787E+01, 0.3647554E+00
 0.1920100E+01, -.2239369E+00, 0.1610370E+00, -.3019851E+00, 0.3030904E+00, 0.7533153E+00, 0.9799472E+00, 0.1027246E+01, 0.3113498E+00
 0.1930100E+01, -.2244395E+00, 0.1275087E+00, -.2374956E+00, 0.2546178E+00, 0.7573715E+00, 0.9771841E+00, 0.1031101E+01, 0.2625379E+00
 0.1940100E+01, -.2248516E+00, 0.9915747E-01, -.1820216E+00, 0.2119012E+00, 0.7618329E+00, 0.9741990E+00, 0.1035293E+01, 0.2193813E+00
 0.1950100E+01, -.2252029E+00, 0.7559514E-01, -.1348877E+00, 0.1751940E+00, 0.7666331E+00, 0.9710323E+00, 0.1039773E+01, 0.1821635E+00
 0.1960100E+01, -.2255152E+00, 0.5617359E-01, -.9488061E-01, 0.1442362E+00, 0.7717146E+00, 0.9677184E+00, 0.1044498E+01, 0.1506559E+00
 0.1970100E+01, -.2258035E+00, 0.4014888E-01, -.6055861E-01, 0.1184823E+00, 0.7770289E+00, 0.9642860E+00, 0.1049431E+01, 0.1243405E+00
 0.1980100E+01, -.2260777E+00, 0.2678286E-01, -.3044728E-01, 0.9726511E-01, 0.7825351E+00, 0.9607588E+00, 0.1054543E+01, 0.1025717E+00
 0.1990100E+01, -.2263442E+00, 0.1539637E-01, -.3144950E-02, 0.7990141E-01, 0.7881992E+00, 0.9571560E+00, 0.1059809E+01, 0.8468174E-01
 0.2000100E+01, -.2266069E+00, 0.5390128E-02, 0.2263258E-01, 0.6575141E-01, 0.7939923E+00, 0.9534932E+00, 0.1065210E+01, 0.7004054E-01
 0.2010100E+01, -.2268682E+00, -.3753227E-02, 0.4804368E-01, 0.5424736E-01, 0.7998895E+00, 0.9497829E+00, 0.1070730E+01, 0.5808574E-01
 0.2020100E+01, -.2271297E+00, -.1247662E-01, 0.7413102E-01, 0.4490265E-01, 0.8058692E+00, 0.9460350E+00, 0.1076355E+01, 0.4833270E-01
 0.2030100E+01, -.2273920E+00, -.2115965E-01, 0.1018389E+00, 0.3730981E-01, 0.8119123E+00, 0.9422576E+00, 0.1082077E+01, 0.4037360E-01
 0.2040100E+01, -.2276557E+00, -.3013001E-01, 0.1320310E+00, 0.3113307E-01, 0.8180014E+00, 0.9384571E+00, 0.1087887E+01, 0.3387078E-01
 0.2050100E+01, -.2279210E+00, -.3967361E-01, 0.1655060E+00, 0.2609877E-01, 0.8241205E+00, 0.9346386E+00, 0.1093778E+01, 0.2854780E-01
 0.2060100E+01, -.2281880E+00, -.5004262E-01, 0.2030079E+00, 0.2198549E-01, 0.8302550E+00, 0.9308061E+00, 0.1099747E+01, 0.2418000E-01
 0.2070100E+01, -.2284567E+00, -.6146148E-01, 0.2452333E+00, 0.1861495E-01, 0.8363912E+00, 0.9269631E+00, 0.1105787E+01, 0.2058571E-01
 0.2080100E+01, -.2287273E+00, -.7413099E-01, 0.2928334E+00, 0.1584401E-01, 0.8425164E+00, 0.9231120E+00, 0.1111898E+01, 0.1761846E-01
 0.2090100E+01, -.2289996E+00, -.8823088E-01, 0.3464141E+00, 0.1355793E-01, 0.8486188E+00, 0.9192551E+00, 0.1118075E+01, 0.1516033E-01
 0.2100100E+01, -.2292737E+00, -.1039212E+00, 0.4065328E+00, 0.1166476E-01, 0.8546878E+00, 0.9153941E+00, 0.1124319E+01, 0.1311644E-01
 0.2110100E+01, -.2295495E+00, -.1213429E+00, 0.4736948E+00, 0.1009075E-01, 0.8607137E+00, 0.9115304E+00, 0.1130626E+01, 0.1141039E-01
 0.2120100E+01, -.2298271E+00, -.1406183E+00, 0.5483491E+00, 0.8776724E-02, 0.8666879E+00, 0.9076652E+00, 0.1136996E+01, 0.9980632E-02
 0.2130100E+01, -.2301065E+00, -.1618506E+00, 0.6308850E+00, 0.7675109E-02, 0.8726031E+00, 0.9037992E+00, 0.1143429E+01, 0.8777471E-02
 0.2140100E+01, -.2303876E+00, -.1851248E+00, 0.7216303E+00, 0.6747577E-02, 0.8784534E+00, 0.8999335E+00, 0.1149923E+01, 0.7760727E-02
 0.2150100E+01, -.2306705E+00, -.2105079E+00, 0.8208505E+00, 0.5963188E-02, 0.8842338E+00, 0.8960685E+00, 0.1156480E+01, 0.6897835E-02
 0.2160100E+01, -.2309551E+00, -.2380497E+00, 0.9287508E+00, 0.5296900E-02, 0.8899407E+00, 0.8922048E+00, 0.1163098E+01, 0.6162342E-02
 0.2170100E+01, -.2312414E+00, -.2677845E+00, 0.1045480E+01, 0.4728391E-02, 0.8955717E+00, 0.8883428E+00, 0.1169778E+01, 0.5532697E-02
 0.2180100E+01, -.2315295E+00, -.2997326E+00, 0.1171137E+01, 0.4241123E-02, 0.9011252E+00, 0.8844829E+00, 0.1176520E+01, 0.4991296E-02
 0.2190100E+01, -.2318193E+00, -.3339034E+00, 0.1305778E+01, 0.3821591E-02, 0.9066006E+00, 0.8806254E+00, 0.1183325E+01, 0.4523713E-02
 0.2200100E+01, -.2321108E+00, -.3702980E+00, 0.1449432E+01, 0.3458735E-02, 0.9119978E+00, 0.8767706E+00, 0.1190193E+01, 0.4118089E-02
 0.2210100E+01, -.2324041E+00, -.4089135E+00, 0.1602111E+01, 0.3143454E-02, 0.9173172E+00, 0.8729186E+00, 0.1197124E+01, 0.3764633E-02
 0.2220100E+01, -.2326992E+00, -.4497705E+00, 0.1763921E+01, 0.2868098E-02, 0.9225647E+00, 0.8690676E+00, 0.1204122E+01, 0.3455071E-02
 0.2230100E+01, -.2329961E+00, -.4928717E+00, 0.1934887E+01, 0.2626560E-02, 0.9277334E+00, 0.8652198E+00, 0.1211186E+01, 0.3182782E-02
 0.2240100E+01, -.2332948E+00, -.5382613E+00, 0.2115210E+01, 0.2413551E-02, 0.9328200E+00, 0.8613754E+00, 0.1218315E+01, 0.2941995E-02
 0.2250100E+01, -.2335952E+00, -.5860613E+00, 0.2305402E+01, 0.2224483E-02, 0.9378154E+00, 0.8575345E+00, 0.1225510E+01, 0.2727656E-02
 0.2260100E+01, -.2338976E+00, -.6365990E+00, 0.2506780E+01, 0.2055061E-02, 0.9426949E+00, 0.8536971E+00, 0.1232771E+01, 0.2534949E-02
 0.2261100E+01, -.2339280E+00, -.6418303E+00, 0.2527641E+01, 0.2039023E-02, 0.9431744E+00, 0.8533136E+00, 0.1233501E+01, 0.2516667E-02
 0.2262100E+01, -.2339584E+00, -.6470989E+00, 0.2548652E+01, 0.2023129E-02, 0.9436520E+00, 0.8529301E+00, 0.1234231E+01, 0.2498538E-02
 0.2263100E+01, -.2339888E+00, -.6524066E+00, 0.2569823E+01, 0.2007370E-02, 0.9441276E+00, 0.8525466E+00, 0.1234962E+01, 0.2480556E-02
 0.2264100E+01, -.2340192E+00, -.6577556E+00, 0.2591161E+01, 0.1991741E-02, 0.9446009E+00, 0.8521632E+00, 0.1235694E+01, 0.2462712E-02
 0.2265100E+01, -.2340497E+00, -.6631484E+00, 0.2612675E+01, 0.1976234E-02, 0.9450719E+00, 0.8517798E+00, 0.1236426E+01, 0.2444998E-02
 0.2266100E+01, -.2340802E+00, -.6685877E+00, 0.2634378E+01, 0.1960841E-02, 0.9455402E+00, 0.8513964E+00, 0.1237159E+01, 0.2427403E-02
 0.2267100E+01, -.2341107E+00, -.6740770E+00, 0.2656282E+01, 0.1945552E-02, 0.9460056E+00, 0.8510131E+00, 0.1237893E+01, 0.2409916E-02
 0.2268100E+01, -.2341412E+00, -.6796203E+00, 0.2678403E+01, 0.1930358E-02, 0.9464679E+00, 0.8506298E+00, 0.1238627E+01, 0.2392524E-02
 0.2269100E+01, -.2341718E+00, -.6852222E+00, 0.2700760E+01, 0.1915245E-02, 0.9469266E+00, 0.8502466E+00, 0.1239362E+01, 0.2375213E-02
 0.2270100E+01, -.2342024E+00, -.6908884E+00, 0.2723375E+01, 0.1900201E-02, 0.9473814E+00, 0.8498634E+00, 0.1240098E+01, 0.2357965E-02
 0.2271100E+01, -.2342330E+00, -.6966257E+00, 0.2746276E+01, 0.1885210E-02, 0.9478317E+00, 0.8494802E+00, 0.1240834E+01, 0.2340762E-02
 0.2272100E+01, -.2342637E+00, -.7024426E+00, 0.2769495E+01, 0.1870251E-02, 0.9482768E+00, 0.8490971E+00, 0.1241571E+01, 0.2323580E-02
 0.2273100E+01, -.2342945E+00, -.7083495E+00, 0.2793073E+01, 0.1855304E-02, 0.9487160E+00, 0.8487140E+00, 0.1242308E+01, 0.2306390E-02
 0.2274100E+01, -.2343253E+00, -.7143595E+00, 0.2817063E+01, 0.1840338E-02, 0.9491483E+00, 0.8483310E+00, 0.1243046E+01, 0.2289156E-02
 0.2275100E+01, -.2343561E+00, -.7204895E+00, 0.2841531E+01, 0.1825318E-02, 0.9495724E+00, 0.8479479E+00, 0.1243785E+01, 0.2271834E-02
 0.2276100E+01, -.2343870E+00, -.7267616E+00, 0.2866565E+01, 0.1810199E-02, 0.9499866E+00, 0.8475650E+00, 0.1244524E+01, 0.2254366E-02
 0.2277100E+01, -.2344180E+00, -.7332054E+00, 0.2892281E+01, 0.1794918E-02, 0.9503887E+00, 0.8471820E+00, 0.1245264E+01, 0.2236677E-02
 0.2278100E+01, -.2344491E+00, -.7398621E+00, 0.2918841E+01, 0.1779392E-02, 0.9507754E+00, 0.8467991E+00, 0.1246004E+01, 0.2218660E-02
 0.2279100E+01, -.2344803E+00, -.7467913E+00, 0.2946482E+01, 0.1763501E-02, 0.9511423E+00, 0.8464162E+00, 0.1246745E+01, 0.2200165E-02
 0.2280100E+01, -.2345116E+00, -.7540835E+00, 0.2975561E+01, 0.1747061E-02, 0.9514825E+00, 0.8460334E+00, 0.1247486E+01, 0.2180963E-02
 0.2281100E+01, -.2345432E+00, -.7618877E+00, 0.3006665E+01, 0.1729774E-02, 0.9517846E+00, 0.8456506E+00, 0.1248227E+01, 0.2160681E-02
 0.2282100E+01, -.2345751E+00, -.7704768E+00, 0.3040871E+01, 0.1711096E-02, 0.9520279E+00, 0.8452678E+00, 0.1248967E+01, 0.2138634E-02
 0.2283100E+01, -.2346076E+00, -.7804558E+00, 0.3080568E+01, 0.1689820E-02, 0.9521662E+00, 0.8448851E+00, 0.1249707E+01, 0.2113310E-02
 0.2312100E+01, -.2354475E+00, -.9108266E+00, 0.3605826E+01, 0.1462966E-02, 0.9674344E+00, 0.8343470E+00, 0.1270702E+01, 0.1858994E-02
 0.2322100E+01, -.2357575E+00, -.9665088E+00, 0.3830334E+01, 0.1383483E-02, 0.9725037E+00, 0.8305300E+00, 0.1278456E+01, 0.1768721E-02
 0.2332100E+01, -.2360697E+00, -.1025754E+01, 0.4069458E+01, 0.1308122E-02, 0.9773980E+00, 0.8267171E+00, 0.1286284E+01, 0.1682617E-02
 0.2342100E+01, -.2363837E+00, -.1087298E+01, 0.4318224E+01, 0.1238389E-02, 0.9822145E+00, 0.8229083E+00, 0.1294189E+01, 0.1602709E-02
 0.2352100E+01, -.2366994E+00, -.1150732E+01, 0.4575036E+01, 0.1174217E-02, 0.9869851E+00, 0.8191037E+00, 0.1302170E+01, 0.1529030E-02
 0.2362100E+01, -.2370167E+00, -.1215872E+01, 0.4839193E+01, 0.1115202E-02, 0.9917248E+00, 0.8153033E+00, 0.1310229E+01, 0.1461170E-02
 0.2372100E+01, -.2373355E+00, -.1282618E+01, 0.5110315E+01, 0.1060879E-02, 0.9964421E+00, 0.8115071E+00, 0.1318367E+01, 0.1398627E-02
 0.2382100E+01, -.2376559E+00, -.1350904E+01, 0.5388161E+01, 0.1010796E-02, 0.1001143E+01, 0.8077151E+00, 0.1326584E+01, 0.1340906E-02
 0.2392100E+01, -.2379778E+00, -.1420683E+01, 0.5672563E+01, 0.9645363E-03, 0.1005832E+01, 0.8039274E+00, 0.1334883E+01, 0.1287543E-02
 0.2402100E+01, -.2383012E+00, -.1491919E+01, 0.5963399E+01, 0.9217260E-03, 0.1010513E+01, 0.8001441E+00, 0.1343263E+01, 0.1238120E-02
 0.2412100E+01, -.2386260E+00, -.1564583E+01, 0.6260569E+01, 0.8820300E-03, 0.1015190E+01, 0.7963651E+00, 0.1351726E+01, 0.1192263E-02
 0.2422100E+01, -.2389524E+00, -.1638650E+01, 0.6563999E+01, 0.8451507E-03, 0.1019865E+01, 0.7925904E+00, 0.1360273E+01, 0.1149636E-02
 0.2432100E+01, -.2392802E+00, -.1714101E+01, 0.6873626E+01, 0.8108233E-03, 0.1024541E+01, 0.7888202E+00, 0.1368906E+01, 0.1109940E-02
 0.2442100E+01, -.2396095E+00, -.1790919E+01, 0.7189402E+01, 0.7788125E-03, 0.1029221E+01, 0.7850543E+00, 0.1377624E+01, 0.1072911E-02
 0.2452100E+01, -.2399403E+00, -.1869091E+01, 0.7511289E+01, 0.7489088E-03, 0.1033907E+01, 0.7812930E+00, 0.1386430E+01, 0.1038310E-02
 0.2462100E+01, -.2402725E+00, -.1948604E+01, 0.7839259E+01, 0.7209255E-03, 0.1038601E+01, 0.7775360E+00, 0.1395325E+01, 0.1005925E-02
 0.2472100E+01, -.2406063E+00, -.2029449E+01, 0.8173291E+01, 0.6946960E-03, 0.1043306E+01, 0.7737836E+00, 0.1404309E+01, 0.9755675E-03
 0.2482100E+01, -.2409414E+00, -.2111618E+01, 0.8513372E+01, 0.6700710E-03, 0.1048022E+01, 0.7700357E+00, 0.1413384E+01, 0.9470674E-03
 0.2492100E+01, -.2412781E+00, -.2195106E+01, 0.8859497E+01, 0.6469170E-03, 0.1052753E+01, 0.7662923E+00, 0.1422551E+01, 0.9202724E-03
 0.2502100E+01, -.2416162E+00, -.2279908E+01, 0.9211668E+01, 0.6251138E-03, 0.1057500E+01, 0.7625535E+00, 0.1431812E+01, 0.8950453E-03
 0.2512100E+01, -.2419558E+00, -.2366022E+01, 0.9569889E+01, 0.6045535E-03, 0.1062265E+01, 0.7588193E+00, 0.1441168E+01, 0.8712627E-03
 0.2522100E+01, -.2422968E+00, -.2453446E+01, 0.9934175E+01, 0.5851387E-03, 0.1067049E+01, 0.7550896E+00, 0.1450619E+01, 0.8488130E-03
 0.2532100E+01, -.2426393E+00, -.2542181E+01, 0.1030454E+02, 0.5667813E-03, 0.1071855E+01, 0.7513646E+00, 0.1460168E+01, 0.8275956E-03
 0.2542100E+01, -.2429833E+00, -.2632227E+01, 0.1068102E+02, 0.5494018E-03, 0.1076682E+01, 0.7476442E+00, 0.1469816E+01, 0.8075190E-03
 0.2552100E+01, -.2433287E+00, -.2723588E+01, 0.1106362E+02, 0.5329279E-03, 0.1081534E+01, 0.7439285E+00, 0.1479563E+01, 0.7885002E-03
 0.2562100E+01, -.2436756E+00, -.2816266E+01, 0.1145240E+02, 0.5172942E-03, 0.1086412E+01, 0.7402175E+00, 0.1489413E+01, 0.7704640E-03
 0.2572100E+01, -.2440239E+00, -.2910267E+01, 0.1184737E+02, 0.5024409E-03, 0.1091316E+01, 0.7365111E+00, 0.1499364E+01, 0.7533415E-03
 0.2582100E+01, -.2443738E+00, -.3005596E+01, 0.1224859E+02, 0.4883136E-03, 0.1096248E+01, 0.7328095E+00, 0.1509421E+01, 0.7370701E-03
 0.2592100E+01, -.2447251E+00, -.3102260E+01, 0.1265610E+02, 0.4748627E-03, 0.1101211E+01, 0.7291126E+00, 0.1519583E+01, 0.7215926E-03
 0.2602100E+01, -.2450778E+00, -.3200266E+01, 0.1306994E+02, 0.4620428E-03, 0.1106204E+01, 0.7254205E+00, 0.1529852E+01, 0.7068566E-03
 0.2612100E+01, -.2454321E+00, -.3299623E+01, 0.1349018E+02, 0.4498122E-03, 0.1111229E+01, 0.7217332E+00, 0.1540230E+01, 0.6928138E-03
 0.2622100E+01, -.2457878E+00, -.3400341E+01, 0.1391687E+02, 0.4381329E-03, 0.1116288E+01, 0.7180506E+00, 0.1550719E+01, 0.6794203E-03
 0.2632100E+01, -.2461449E+00, -.3502429E+01, 0.1435006E+02, 0.4269697E-03, 0.1121381E+01, 0.7143729E+00, 0.1561319E+01, 0.6666355E-03
 0.2642100E+01, -.2465036E+00, -.3605898E+01, 0.1478983E+02, 0.4162905E-03, 0.1126510E+01, 0.7107000E+00, 0.1572033E+01, 0.6544219E-03
 0.2652100E+01, -.2468638E+00, -.3710761E+01, 0.1523623E+02, 0.4060654E-03, 0.1131677E+01, 0.7070319E+00, 0.1582862E+01, 0.6427451E-03
 0.2662100E+01, -.2472254E+00, -.3817029E+01, 0.1568935E+02, 0.3962671E-03, 0.1136881E+01, 0.7033687E+00, 0.1593809E+01, 0.6315733E-03
 0.2672100E+01, -.2475885E+00, -.3924717E+01, 0.1614925E+02, 0.3868703E-03, 0.1142125E+01, 0.6997105E+00, 0.1604873E+01, 0.6208771E-03
 0.2682100E+01, -.2479531E+00, -.4033838E+01, 0.1661601E+02, 0.3778515E-03, 0.1147410E+01, 0.6960571E+00, 0.1616058E+01, 0.6106293E-03
 0.2692100E+01, -.2483192E+00, -.4144407E+01, 0.1708972E+02, 0.3691889E-03, 0.1152736E+01, 0.6924087E+00, 0.1627365E+01, 0.6008046E-03
 0.2702100E+01, -.2486867E+00, -.4256439E+01, 0.1757045E+02, 0.3608626E-03, 0.1158105E+01, 0.6887652E+00, 0.1638796E+01, 0.5913795E-03
 0.2712100E+01, -.2490558E+00, -.4369951E+01, 0.1805830E+02, 0.3528538E-03, 0.1163518E+01, 0.6851266E+00, 0.1650352E+01, 0.5823325E-03
 0.2722100E+01, -.2494263E+00, -.4484960E+01, 0.1855335E+02, 0.3451451E-03, 0.1168977E+01, 0.6814931E+00, 0.1662036E+01, 0.5736431E-03
 0.2732100E+01, -.2497984E+00, -.4601483E+01, 0.1905569E+02, 0.3377204E-03, 0.1174481E+01, 0.6778646E+00, 0.1673850E+01, 0.5652926E-03
 0.2742100E+01, -.2501719E+00, -.4719539E+01, 0.1956544E+02, 0.3305646E-03, 0.1180033E+01, 0.6742411E+00, 0.1685795E+01, 0.5572634E-03
 0.2752100E+01, -.2505469E+00, -.4839146E+01, 0.2008267E+02, 0.3236636E-03, 0.1185634E+01, 0.6706227E+00, 0.1697873E+01, 0.5495390E-03
 0.2762100E+01, -.2509235E+00, -.4960325E+01, 0.2060751E+02, 0.3170044E-03, 0.1191284E+01, 0.6670093E+00, 0.1710086E+01, 0.5421043E-03
 0.2772100E+01, -.2513015E+00, -.5083095E+01, 0.2114005E+02, 0.3105747E-03, 0.1196985E+01, 0.6634010E+00, 0.1722437E+01, 0.5349449E-03
 0.2782100E+01, -.2516810E+00, -.5207478E+01, 0.2168040E+02, 0.3043631E-03, 0.1202737E+01, 0.6597978E+00, 0.1734928E+01, 0.5280473E-03
 0.2792100E+01, -.2520620E+00, -.5333495E+01, 0.2222867E+02, 0.2983587E-03, 0.1208543E+01, 0.6561997E+00, 0.1747560E+01, 0.5213990E-03
 0.2802100E+01, -.2524446E+00, -.5461169E+01, 0.2278499E+02, 0.2925516E-03, 0.1214404E+01, 0.6526068E+00, 0.1760335E+01, 0.5149883E-03
 0.2812100E+01, -.2528286E+00, -.5590524E+01, 0.2334948E+02, 0.2869323E-03, 0.1220319E+01, 0.6490191E+00, 0.1773257E+01, 0.5088041E-03
 0.2822100E+01, -.2532141E+00, -.5721581E+01, 0.2392224E+02, 0.2814919E-03, 0.1226291E+01, 0.6454365E+00, 0.1786327E+01, 0.5028361E-03
 0.2832100E+01, -.2536011E+00, -.5854368E+01, 0.2450342E+02, 0.2762222E-03, 0.1232321E+01, 0.6418591E+00, 0.1799548E+01, 0.4970744E-03
 0.2842100E+01, -.2539897E+00, -.5988908E+01, 0.2509314E+02, 0.2711153E-03, 0.1238410E+01, 0.6382870E+00, 0.1812921E+01, 0.4915100E-03
 0.2852100E+01, -.2543797E+00, -.6125227E+01, 0.2569154E+02, 0.2661638E-03, 0.1244559E+01, 0.6347201E+00, 0.1826450E+01, 0.4861341E-03
 0.2862100E+01, -.2547712E+00, -.6263353E+01, 0.2629874E+02, 0.2613607E-03, 0.1250770E+01, 0.6311585E+00, 0.1840136E+01, 0.4809387E-03
 0.2872100E+01, -.2551642E+00, -.6403312E+01, 0.2691490E+02, 0.2566996E-03, 0.1257043E+01, 0.6276022E+00, 0.1853983E+01, 0.4759160E-03
 0.2882100E+01, -.2555588E+00, -.6545134E+01, 0.2754015E+02, 0.2521742E-03, 0.1263380E+01, 0.6240511E+00, 0.1867992E+01, 0.4710588E-03
 0.2892100E+01, -.2559548E+00, -.6688846E+01, 0.2817464E+02, 0.2477788E-03, 0.1269782E+01, 0.6205054E+00, 0.1882166E+01, 0.4663603E-03
 0.2902100E+01, -.2563523E+00, -.6834480E+01, 0.2881853E+02, 0.2435078E-03, 0.1276251E+01, 0.6169651E+00, 0.1896509E+01, 0.4618140E-03
 0.2912100E+01, -.2567513E+00, -.6982064E+01, 0.2947198E+02, 0.2393559E-03, 0.1282788E+01, 0.6134301E+00, 0.1911022E+01, 0.4574138E-03
 0.2922100E+01, -.2571518E+00, -.7131632E+01, 0.3013513E+02, 0.2353184E-03, 0.1289393E+01, 0.6099005E+00, 0.1925708E+01, 0.4531538E-03
 0.2932100E+01, -.2575537E+00, -.7283214E+01, 0.3080815E+02, 0.2313904E-03, 0.1296069E+01, 0.6063763E+00, 0.1940570E+01, 0.4490287E-03
 0.2942100E+01, -.2579572E+00, -.7436845E+01, 0.3149122E+02, 0.2275676E-03, 0.1302817E+01, 0.6028576E+00, 0.1955612E+01, 0.4450332E-03
 0.2952100E+01, -.2583621E+00, -.7592558E+01, 0.3218451E+02, 0.2238457E-03, 0.1309638E+01, 0.5993443E+00, 0.1970835E+01, 0.4411624E-03
 0.2962100E+01, -.2587685E+00, -.7750387E+01, 0.3288818E+02, 0.2202209E-03, 0.1316534E+01, 0.5958365E+00, 0.1986243E+01, 0.4374116E-03
 0.2972100E+01, -.2591764E+00, -.7910369E+01, 0.3360243E+02, 0.2166892E-03, 0.1323506E+01, 0.5923341E+00, 0.2001839E+01, 0.4337763E-03
 0.2982100E+01, -.2595857E+00, -.8072540E+01, 0.3432743E+02, 0.2132472E-03, 0.1330555E+01, 0.5888373E+00, 0.2017626E+01, 0.4302525E-03
 0.2992100E+01, -.2599965E+00, -.8236938E+01, 0.3506339E+02, 0.2098914E-03, 0.1337684E+01, 0.5853460E+00, 0.2033607E+01, 0.4268360E-03
 0.3002100E+01, -.2604087E+00, -.8403601E+01, 0.3581048E+02, 0.2066186E-03, 0.1344893E+01, 0.5818603E+00, 0.2049785E+01, 0.4235231E-03
 0.3012100E+01, -.2608224E+00, -.8572570E+01, 0.3656892E+02, 0.2034256E-03, 0.1352184E+01, 0.5783802E+00, 0.2066164E+01, 0.4203100E-03
 0.3022100E+01, -.2612375E+00, -.8743884E+01, 0.3733891E+02, 0.2003095E-03, 0.1359559E+01, 0.5749056E+00, 0.2082747E+01, 0.4171935E-03
 0.3032100E+01, -.2616540E+00, -.8917585E+01, 0.3812066E+02, 0.1972676E-03, 0.1367020E+01, 0.5714367E+00, 0.2099538E+01, 0.4141702E-03
 0.3042100E+01, -.2620720E+00, -.9093716E+01, 0.3891438E+02, 0.1942971E-03, 0.1374568E+01, 0.5679734E+00, 0.2116539E+01, 0.4112369E-03
 0.3052100E+01, -.2624913E+00, -.9272321E+01, 0.3972030E+02, 0.1913956E-03, 0.1382204E+01, 0.5645158E+00, 0.2133755E+01, 0.4083907E-03
 0.3062100E+01, -.2629121E+00, -.9453445E+01, 0.4053864E+02, 0.1885605E-03, 0.1389931E+01, 0.5610639E+00, 0.2151189E+01, 0.4056288E-03
 0.3072100E+01, -.2633342E+00, -.9637133E+01, 0.4136963E+02, 0.1857896E-03, 0.1397751E+01, 0.5576177E+00, 0.2168845E+01, 0.4029484E-03
 0.3082100E+01, -.2637577E+00, -.9823434E+01, 0.4221352E+02, 0.1830807E-03, 0.1405664E+01, 0.5541772E+00, 0.2186727E+01, 0.4003469E-03
 0.3092100E+01, -.2641826E+00, -.1001240E+02, 0.4307055E+02, 0.1804316E-03, 0.1413674E+01, 0.5507425E+00, 0.2204838E+01, 0.3978218E-03
 0.3102100E+01, -.2646088E+00, -.1020407E+02, 0.4394098E+02, 0.1778402E-03, 0.1421781E+01, 0.5473135E+00, 0.2223183E+01, 0.3953708E-03
 0.3112100E+01, -.2650364E+00, -.1039850E+02, 0.4482505E+02, 0.1753048E-03, 0.1429989E+01, 0.5438903E+00, 0.2241766E+01, 0.3929917E-03
 0.3122100E+01, -.2654652E+00, -.1059575E+02, 0.4572303E+02, 0.1728233E-03, 0.1438298E+01, 0.5404730E+00, 0.2260591E+01, 0.3906822E-03
 0.3132100E+01, -.2658954E+00, -.1079587E+02, 0.4663520E+02, 0.1703941E-03, 0.1446711E+01, 0.5370615E+00, 0.2279661E+01, 0.3884403E-03
 0.3142100E+01, -.2663268E+00, -.1099891E+02, 0.4756183E+02, 0.1680155E-03, 0.1455231E+01, 0.5336558E+00, 0.2298982E+01, 0.3862640E-03
 0.3152100E+01, -.2667595E+00, -.1120494E+02, 0.4850321E+02, 0.1656857E-03, 0.1463858E+01, 0.5302560E+00, 0.2318559E+01, 0.3841514E-03
 0.3162100E+01, -.2671935E+00, -.1141400E+02, 0.4945964E+02, 0.1634033E-03, 0.1472597E+01, 0.5268621E+00, 0.2338394E+01, 0.3821007E-03
 0.3172100E+01, -.2676286E+00, -.1162616E+02, 0.5043141E+02, 0.1611668E-03, 0.1481448E+01, 0.5234742E+00, 0.2358494E+01, 0.3801102E-03
 0.3182100E+01, -.2680650E+00, -.1184149E+02, 0.5141884E+02, 0.1589747E-03, 0.1490414E+01, 0.5200922E+00, 0.2378862E+01, 0.3781782E-03
 0.3192100E+01, -.2685025E+00, -.1206004E+02, 0.5242224E+02, 0.1568256E-03, 0.1499497E+01, 0.5167161E+00, 0.2399504E+01, 0.3763031E-03
 0.3202100E+01, -.2689412E+00, -.1228187E+02, 0.5344194E+02, 0.1547182E-03, 0.1508701E+01, 0.5133461E+00, 0.2420426E+01, 0.3744833E-03
 0.3212100E+01, -.2693810E+00, -.1250707E+02, 0.5447828E+02, 0.1526513E-03, 0.1518027E+01, 0.5099820E+00, 0.2441630E+01, 0.3727174E-03
 0.3222100E+01, -.2698219E+00, -.1273569E+02, 0.5553160E+02, 0.1506236E-03, 0.1527479E+01, 0.5066240E+00, 0.2463124E+01, 0.3710041E-03
 0.3232100E+01, -.2702639E+00, -.1296781E+02, 0.5660226E+02, 0.1486340E-03, 0.1537059E+01, 0.5032720E+00, 0.2484913E+01, 0.3693418E-03
 0.3242100E+01, -.2707068E+00, -.1320350E+02, 0.5769062E+02, 0.1466812E-03, 0.1546769E+01, 0.4999261E+00, 0.2507001E+01, 0.3677294E-03
 0.3252100E+01, -.2711508E+00, -.1344283E+02, 0.5879706E+02, 0.1447644E-03, 0.1556613E+01, 0.4965863E+00, 0.2529395E+01, 0.3661656E-03
 0.3262100E+01, -.2715958E+00, -.1368588E+02, 0.5992197E+02, 0.1428822E-03, 0.1566593E+01, 0.4932526E+00, 0.2552100E+01, 0.3646491E-03
 0.3272100E+01, -.2720416E+00, -.1393274E+02, 0.6106574E+02, 0.1410339E-03, 0.1576714E+01, 0.4899251E+00, 0.2575122E+01, 0.3631789E-03
 0.3282100E+01, -.2724884E+00, -.1418348E+02, 0.6222878E+02, 0.1392184E-03, 0.1586977E+01, 0.4866036E+00, 0.2598467E+01, 0.3617539E-03
 0.3292100E+01, -.2729360E+00, -.1443819E+02, 0.6341151E+02, 0.1374348E-03, 0.1597386E+01, 0.4832884E+00, 0.2622142E+01, 0.3603729E-03
 0.3302100E+01, -.2733844E+00, -.1469695E+02, 0.6461437E+02, 0.1356821E-03, 0.1607945E+01, 0.4799793E+00, 0.2646152E+01, 0.3590349E-03
 0.3312100E+01, -.2738335E+00, -.1495985E+02, 0.6583780E+02, 0.1339596E-03, 0.1618657E+01, 0.4766765E+00, 0.2670505E+01, 0.3577390E-03
 0.3322100E+01, -.2742834E+00, -.1522699E+02, 0.6708226E+02, 0.1322663E-03, 0.1629525E+01, 0.4733799E+00, 0.2695206E+01, 0.3564843E-03
 0.3332100E+01, -.2747339E+00, -.1549847E+02, 0.6834823E+02, 0.1306015E-03, 0.1640554E+01, 0.4700895E+00, 0.2720262E+01, 0.3552697E-03
 0.3342100E+01, -.2751850E+00, -.1577437E+02, 0.6963620E+02, 0.1289644E-03, 0.1651748E+01, 0.4668054E+00, 0.2745681E+01, 0.3540945E-03
 0.3352100E+01, -.2756366E+00, -.1605480E+02, 0.7094666E+02, 0.1273542E-03, 0.1663109E+01, 0.4635276E+00, 0.2771470E+01, 0.3529578E-03
 0.3362100E+01, -.2760887E+00, -.1633987E+02, 0.7228014E+02, 0.1257703E-03, 0.1674643E+01, 0.4602560E+00, 0.2797636E+01, 0.3518588E-03
 0.3372100E+01, -.2765412E+00, -.1662968E+02, 0.7363718E+02, 0.1242118E-03, 0.1686354E+01, 0.4569908E+00, 0.2824187E+01, 0.3507966E-03
 0.3382100E+01, -.2769940E+00, -.1692435E+02, 0.7501832E+02, 0.1226782E-03, 0.1698246E+01, 0.4537319E+00, 0.2851129E+01, 0.3497707E-03
 0.3392100E+01, -.2774472E+00, -.1722398E+02, 0.7642414E+02, 0.1211687E-03, 0.1710324E+01, 0.4504794E+00, 0.2878472E+01, 0.3487802E-03
 0.3402100E+01, -.2779005E+00, -.1752871E+02, 0.7785524E+02, 0.1196828E-03, 0.1722593E+01, 0.4472332E+00, 0.2906224E+01, 0.3478244E-03
 0.3412100E+01, -.2783539E+00, -.1783864E+02, 0.7931220E+02, 0.1182198E-03, 0.1735057E+01, 0.4439934E+00, 0.2934392E+01, 0.3469027E-03
 0.3422100E+01, -.2788074E+00, -.1815392E+02, 0.8079568E+02, 0.1167792E-03, 0.1747723E+01, 0.4407600E+00, 0.2962985E+01, 0.3460144E-03
 0.3432100E+01, -.2792608E+00, -.1847467E+02, 0.8230631E+02, 0.1153603E-03, 0.1760596E+01, 0.4375330E+00, 0.2992013E+01, 0.3451590E-03
 0.3442100E+01, -.2797140E+00, -.1880102E+02, 0.8384478E+02, 0.1139627E-03, 0.1773680E+01, 0.4343124E+00, 0.3021484E+01, 0.3443358E-03
 0.3452100E+01, -.2801670E+00, -.1913312E+02, 0.8541178E+02, 0.1125857E-03, 0.1786983E+01, 0.4310982E+00, 0.3051407E+01, 0.3435442E-03
 0.3462100E+01, -.2806196E+00, -.1947112E+02, 0.8700803E+02, 0.1112289E-03, 0.1800510E+01, 0.4278904E+00, 0.3081793E+01, 0.3427837E-03
 0.3472100E+01, -.2810718E+00, -.1981517E+02, 0.8863428E+02, 0.1098917E-03, 0.1814269E+01, 0.4246892E+00, 0.3112650E+01, 0.3420538E-03
 0.3482100E+01, -.2815233E+00, -.2016542E+02, 0.9029130E+02, 0.1085737E-03, 0.1828265E+01, 0.4214943E+00, 0.3143990E+01, 0.3413539E-03
 0.3492100E+01, -.2819742E+00, -.2052204E+02, 0.9197990E+02, 0.1072744E-03, 0.1842506E+01, 0.4183059E+00, 0.3175822E+01, 0.3406837E-03
 0.3502100E+01, -.2824242E+00, -.2088520E+02, 0.9370091E+02, 0.1059933E-03, 0.1856999E+01, 0.4151240E+00, 0.3208158E+01, 0.3400425E-03
 0.3512100E+01, -.2828732E+00, -.2125507E+02, 0.9545520E+02, 0.1047299E-03, 0.1871752E+01, 0.4119486E+00, 0.3241008E+01, 0.3394299E-03
 0.3522100E+01, -.2833210E+00, -.2163184E+02, 0.9724366E+02, 0.1034840E-03, 0.1886773E+01, 0.4087796E+00, 0.3274383E+01, 0.3388456E-03
 0.3532100E+01, -.2837676E+00, -.2201571E+02, 0.9906723E+02, 0.1022549E-03, 0.1902071E+01, 0.4056171E+00, 0.3308296E+01, 0.3382890E-03
 0.3542100E+01, -.2842127E+00, -.2240686E+02, 0.1009269E+03, 0.1010424E-03, 0.1917655E+01, 0.4024610E+00, 0.3342759E+01, 0.3377598E-03
 0.3552100E+01, -.2846562E+00, -.2280551E+02, 0.1028236E+03, 0.9984604E-04, 0.1933535E+01, 0.3993115E+00, 0.3377783E+01, 0.3372576E-03
 0.3562100E+01, -.2850978E+00, -.2321187E+02, 0.1047585E+03, 0.9866540E-04, 0.1949719E+01, 0.3961684E+00, 0.3413382E+01, 0.3367821E-03
 0.3572100E+01, -.2855374E+00, -.2362617E+02, 0.1067326E+03, 0.9750012E-04, 0.1966220E+01, 0.3930318E+00, 0.3449569E+01, 0.3363328E-03
 0.3582100E+01, -.2859747E+00, -.2404864E+02, 0.1087471E+03, 0.9634985E-04, 0.1983048E+01, 0.3899016E+00, 0.3486358E+01, 0.3359095E-03
 0.3592100E+01, -.2864096E+00, -.2447953E+02, 0.1108031E+03, 0.9521423E-04, 0.2000214E+01, 0.3867779E+00, 0.3523763E+01, 0.3355117E-03
 0.3602100E+01, -.2868418E+00, -.2491910E+02, 0.1129020E+03, 0.9409292E-04, 0.2017731E+01, 0.3836606E+00, 0.3561798E+01, 0.3351393E-03
 0.3612100E+01, -.2872710E+00, -.2536762E+02, 0.1150449E+03, 0.9298557E-04, 0.2035613E+01, 0.3805497E+00, 0.3600478E+01, 0.3347919E-03
 0.3622100E+01, -.2876969E+00, -.2582536E+02, 0.1172333E+03, 0.9189187E-04, 0.2053873E+01, 0.3774452E+00, 0.3639819E+01, 0.3344692E-03
 0.3632100E+01, -.2881193E+00, -.2629263E+02, 0.1194686E+03, 0.9081150E-04, 0.2072526E+01, 0.3743471E+00, 0.3679837E+01, 0.3341709E-03
 0.3642100E+01, -.2885379E+00, -.2676974E+02, 0.1217523E+03, 0.8974414E-04, 0.2091588E+01, 0.3712554E+00, 0.3720549E+01, 0.3338968E-03
 0.3652100E+01, -.2889523E+00, -.2725701E+02, 0.1240860E+03, 0.8868949E-04, 0.2111075E+01, 0.3681699E+00, 0.3761972E+01, 0.3336467E-03
 0.3662100E+01, -.2893621E+00, -.2775478E+02, 0.1264712E+03, 0.8764726E-04, 0.2131006E+01, 0.3650908E+00, 0.3804123E+01, 0.3334203E-03
 0.3672100E+01, -.2897670E+00, -.2826342E+02, 0.1289097E+03, 0.8661716E-04, 0.2151399E+01, 0.3620179E+00, 0.3847021E+01, 0.3332174E-03
 0.3682100E+01, -.2901665E+00, -.2878331E+02, 0.1314033E+03, 0.8559891E-04, 0.2172274E+01, 0.3589513E+00, 0.3890685E+01, 0.3330378E-03
 0.3692100E+01, -.2905603E+00, -.2931485E+02, 0.1339539E+03, 0.8459222E-04, 0.2193654E+01, 0.3558908E+00, 0.3935136E+01, 0.3328813E-03
 0.3702100E+01, -.2909477E+00, -.2985846E+02, 0.1365636E+03, 0.8359684E-04, 0.2215561E+01, 0.3528364E+00, 0.3980393E+01, 0.3327477E-03
 0.3712100E+01, -.2913284E+00, -.3041460E+02, 0.1392345E+03, 0.8261250E-04, 0.2238021E+01, 0.3497881E+00, 0.4026479E+01, 0.3326368E-03
 0.3722100E+01, -.2917018E+00, -.3098375E+02, 0.1419687E+03, 0.8163893E-04, 0.2261060E+01, 0.3467459E+00, 0.4073415E+01, 0.3325486E-03
 0.3732100E+01, -.2920672E+00, -.3156639E+02, 0.1447687E+03, 0.8067589E-04, 0.2284707E+01, 0.3437095E+00, 0.4121224E+01, 0.3324828E-03
 0.3742100E+01, -.2924241E+00, -.3216308E+02, 0.1476371E+03, 0.7972312E-04, 0.2308993E+01, 0.3406790E+00, 0.4169931E+01, 0.3324393E-03
 0.3752100E+01, -.2927716E+00, -.3277439E+02, 0.1505764E+03, 0.7878038E-04, 0.2333952E+01, 0.3376543E+00, 0.4219561E+01, 0.3324180E-03
 0.3762100E+01, -.2931091E+00, -.3340092E+02, 0.1535895E+03, 0.7784744E-04, 0.2359620E+01, 0.3346353E+00, 0.4270140E+01, 0.3324188E-03
 0.3772100E+01, -.2934358E+00, -.3404333E+02, 0.1566795E+03, 0.7692404E-04, 0.2386037E+01, 0.3316219E+00, 0.4321695E+01, 0.3324416E-03
 0.3782100E+01, -.2937506E+00, -.3470230E+02, 0.1598495E+03, 0.7600996E-04, 0.2413245E+01, 0.3286140E+00, 0.4374255E+01, 0.3324863E-03
 0.3792100E+01, -.2940527E+00, -.3537859E+02, 0.1631031E+03, 0.7510498E-04, 0.2441291E+01, 0.3256114E+00, 0.4427849E+01, 0.3325529E-03
 0.3802100E+01, -.2943410E+00, -.3607300E+02, 0.1664439E+03, 0.7420885E-04, 0.2470226E+01, 0.3226140E+00, 0.4482510E+01, 0.3326412E-03
 0.3812100E+01, -.2946142E+00, -.3678638E+02, 0.1698759E+03, 0.7332135E-04, 0.2500105E+01, 0.3196218E+00, 0.4538269E+01, 0.3327514E-03
 0.3822100E+01, -.2948712E+00, -.3751966E+02, 0.1734033E+03, 0.7244226E-04, 0.2530990E+01, 0.3166344E+00, 0.4595161E+01, 0.3328832E-03
 0.3832100E+01, -.2951103E+00, -.3827384E+02, 0.1770308E+03, 0.7157135E-04, 0.2562948E+01, 0.3136518E+00, 0.4653223E+01, 0.3330368E-03
 0.3842100E+01, -.2953302E+00, -.3905002E+02, 0.1807633E+03, 0.7070841E-04, 0.2596051E+01, 0.3106738E+00, 0.4712491E+01, 0.3332121E-03
 0.3852100E+01, -.2955290E+00, -.3984935E+02, 0.1846062E+03, 0.6985321E-04, 0.2630382E+01, 0.3077002E+00, 0.4773007E+01, 0.3334092E-03
 0.3862100E+01, -.2957049E+00, -.4067314E+02, 0.1885653E+03, 0.6900552E-04, 0.2666031E+01, 0.3047306E+00, 0.4834812E+01, 0.3336281E-03
 0.3872100E+01, -.2958556E+00, -.4152277E+02, 0.1926469E+03, 0.6816513E-04, 0.2703099E+01, 0.3017650E+00, 0.4897950E+01, 0.3338688E-03
 0.3882100E+01, -.2959787E+00, -.4239978E+02, 0.1968580E+03, 0.6733181E-04, 0.2741697E+01, 0.2988029E+00, 0.4962470E+01, 0.3341315E-03
 0.3892100E+01, -.2960717E+00, -.4330585E+02, 0.2012061E+03, 0.6650532E-04, 0.2781950E+01, 0.2958442E+00, 0.5028422E+01, 0.3344162E-03
 0.3902100E+01, -.2961314E+00, -.4424282E+02, 0.2056996E+03, 0.6568545E-04, 0.2823998E+01, 0.2928884E+00, 0.5095857E+01, 0.3347230E-03
 0.3912100E+01, -.2961544E+00, -.4521275E+02, 0.2103477E+03, 0.6487196E-04, 0.2868001E+01, 0.2899351E+00, 0.5164834E+01, 0.3350522E-03
 0.3922100E+01, -.2961369E+00, -.4621790E+02, 0.2151605E+03, 0.6406460E-04, 0.2914137E+01, 0.2869841E+00, 0.5235412E+01, 0.3354039E-03
 0.3932100E+01, -.2960744E+00, -.4726080E+02, 0.2201492E+03, 0.6326313E-04, 0.2962610E+01, 0.2840348E+00, 0.5307656E+01, 0.3357783E-03
 0.3942100E+01, -.2959620E+00, -.4834428E+02, 0.2253266E+03, 0.6246730E-04, 0.3013652E+01, 0.2810867E+00, 0.5381637E+01, 0.3361757E-03
 0.3952100E+01, -.2957938E+00, -.4947150E+02, 0.2307066E+03, 0.6167684E-04, 0.3067530E+01, 0.2781393E+00, 0.5457427E+01, 0.3365962E-03
 0.3962100E+01, -.2955632E+00, -.5064605E+02, 0.2363051E+03, 0.6089148E-04, 0.3124551E+01, 0.2751919E+00, 0.5535109E+01, 0.3370403E-03
 0.3972100E+01, -.2952625E+00, -.5187200E+02, 0.2421400E+03, 0.6011093E-04, 0.3185073E+01, 0.2722438E+00, 0.5614769E+01, 0.3375083E-03
 0.3982100E+01, -.2948824E+00, -.5315396E+02, 0.2482318E+03, 0.5933489E-04, 0.3249511E+01, 0.2692943E+00, 0.5696502E+01, 0.3380007E-03
 0.3992100E+01, -.2944125E+00, -.5449727E+02, 0.2546039E+03, 0.5856302E-04, 0.3318357E+01, 0.2663424E+00, 0.5780412E+01, 0.3385178E-03
 0.4002100E+01, -.2938399E+00, -.5590806E+02, 0.2612831E+03, 0.5779499E-04, 0.3392191E+01, 0.2633873E+00, 0.5866612E+01, 0.3390602E-03
 0.4012100E+01, -.2931495E+00, -.5739346E+02, 0.2683006E+03, 0.5703042E-04, 0.3471704E+01, 0.2604276E+00, 0.5955228E+01, 0.3396285E-03
 0.4022100E+01, -.2923231E+00, -.5896183E+02, 0.2756931E+03, 0.5626890E-04, 0.3557732E+01, 0.2574623E+00, 0.6046398E+01, 0.3402235E-03
 0.4032100E+01, -.2913383E+00, -.6062307E+02, 0.2835034E+03, 0.5550998E-04, 0.3651291E+01, 0.2544896E+00, 0.6140276E+01, 0.3408460E-03
 0.4042100E+01, -.2901678E+00, -.6238894E+02, 0.2917828E+03, 0.5475317E-04, 0.3753628E+01, 0.2515080E+00, 0.6237034E+01, 0.3414968E-03
 0.4052100E+01, -.2887772E+00, -.6427366E+02, 0.3005928E+03, 0.5399791E-04, 0.3866301E+01, 0.2485155E+00, 0.6336869E+01, 0.3421770E-03
 0.4062100E+01, -.2871233E+00, -.6629452E+02, 0.3100084E+03, 0.5324356E-04, 0.3991272E+01, 0.2455098E+00, 0.6440002E+01, 0.3428880E-03
 0.4072100E+01, -.2851504E+00, -.6847287E+02, 0.3201216E+03, 0.5248940E-04, 0.4131061E+01, 0.2424880E+00, 0.6546688E+01, 0.3436311E-03
 0.4082100E+01, -.2827857E+00, -.7083544E+02, 0.3310478E+03, 0.5173459E-04, 0.4288956E+01, 0.2394469E+00, 0.6657224E+01, 0.3444081E-03
 0.4092100E+01, -.2799321E+00, -.7341626E+02, 0.3429333E+03, 0.5097813E-04, 0.4469342E+01, 0.2363827E+00, 0.6771957E+01, 0.3452210E-03
 0.4102100E+01, -.2764566E+00, -.7625945E+02, 0.3559676E+03, 0.5021883E-04, 0.4678205E+01, 0.2332904E+00, 0.6891301E+01, 0.3460724E-03
 0.4112100E+01, -.2721719E+00, -.7942344E+02, 0.3704010E+03, 0.4945523E-04, 0.4923956E+01, 0.2301641E+00, 0.7015758E+01, 0.3469653E-03
 0.4122100E+01, -.2668056E+00, -.8298763E+02, 0.3865736E+03, 0.4868553E-04, 0.5218830E+01, 0.2269964E+00, 0.7145944E+01, 0.3479034E-03
 0.4132100E+01, -.2599432E+00, -.8706312E+02, 0.4049600E+03, 0.4790741E-04, 0.5581381E+01, 0.2237774E+00, 0.7282635E+01, 0.3488916E-03
 0.4142100E+01, -.2509214E+00, -.9181077E+02, 0.4262467E+03, 0.4711784E-04, 0.6041271E+01, 0.2204945E+00, 0.7426838E+01, 0.3499359E-03
 0.4152100E+01, -.2386029E+00, -.9747305E+02, 0.4514669E+03, 0.4631270E-04, 0.6649260E+01, 0.2171302E+00, 0.7579891E+01, 0.3510446E-03
 0.4162100E+01, -.2208528E+00, -.1044316E+03, 0.4822456E+03, 0.4548620E-04, 0.7500483E+01, 0.2136600E+00, 0.7743654E+01, 0.3522288E-03
 0.4172100E+01, -.1931143E+00, -.1133065E+03, 0.5212217E+03, 0.4462980E-04, 0.8797699E+01, 0.2100478E+00, 0.7920818E+01, 0.3535039E-03
 0.4182100E+01, -.1435718E+00, -.1250204E+03, 0.5723317E+03, 0.4373064E-04, 0.1106588E+02, 0.2062405E+00, 0.8115394E+01, 0.3548908E-03
 0.4192100E+01, -.2990466E-01, -.1387899E+03, 0.6324030E+03, 0.4277311E-04, 0.1618305E+02, 0.2021783E+00, 0.8332423E+01, 0.3564030E-03
 0.4268559E+01, -.5178381E-01, -.1390597E+03, 0.6545972E+03, 0.3545760E-04, 0.1510340E+02, 0.2005485E+00, 0.8422383E+01, 0.2986375E-03
 0.4311458E+01, -.2319167E+00, -.1174342E+03, 0.5717918E+03, 0.3301767E-04, 0.6820360E+01, 0.1880193E+00, 0.9174969E+01, 0.3029361E-03
 0.4354789E+01, -.2652351E+00, -.1123180E+03, 0.5586205E+03, 0.3109078E-04, 0.5397830E+01, 0.1779064E+00, 0.9873244E+01, 0.3069668E-03
 0.4398556E+01, -.2808355E+00, -.1121350E+03, 0.5666747E+03, 0.2940616E-04, 0.4789866E+01, 0.1689424E+00, 0.1057421E+02, 0.3109469E-03
 0.4442762E+01, -.2904201E+00, -.1140674E+03, 0.5842064E+03, 0.2787730E-04, 0.4452133E+01, 0.1607171E+00, 0.1129812E+02, 0.3149610E-03
 0.4487412E+01, -.2971474E+00, -.1171983E+03, 0.6074452E+03, 0.2646376E-04, 0.4238584E+01, 0.1530407E+00, 0.1205605E+02, 0.3190483E-03
 0.4532511E+01, -.3022516E+00, -.1211376E+03, 0.6348284E+03, 0.2514266E-04, 0.4092430E+01, 0.1458077E+00, 0.1285584E+02, 0.3232301E-03
 0.4578064E+01, -.3063218E+00, -.1256924E+03, 0.6656168E+03, 0.2389952E-04, 0.3986654E+01, 0.1389524E+00, 0.1370401E+02, 0.3275193E-03
 0.4624074E+01, -.3096773E+00, -.1307576E+03, 0.6994400E+03, 0.2272445E-04, 0.3906632E+01, 0.1324307E+00, 0.1460647E+02, 0.3319240E-03
 0.4670547E+01, -.3125076E+00, -.1362726E+03, 0.7361148E+03, 0.2161027E-04, 0.3843690E+01, 0.1262114E+00, 0.1556897E+02, 0.3364498E-03
 0.4717487E+01, -.3149330E+00, -.1422012E+03, 0.7755624E+03, 0.2055160E-04, 0.3792327E+01, 0.1202714E+00, 0.1659725E+02, 0.3411001E-03
 0.4764898E+01, -.3170342E+00, -.1485218E+03, 0.8177663E+03, 0.1954420E-04, 0.3748871E+01, 0.1145926E+00, 0.1769719E+02, 0.3458774E-03
 0.4812786E+01, -.3188673E+00, -.1552214E+03, 0.8627503E+03, 0.1858465E-04, 0.3710768E+01, 0.1091607E+00, 0.1887489E+02, 0.3507832E-03
 0.4861156E+01, -.3204734E+00, -.1622932E+03, 0.9105643E+03, 0.1767011E-04, 0.3676188E+01, 0.1039639E+00, 0.2013673E+02, 0.3558181E-03
 0.4910011E+01, -.3218832E+00, -.1697337E+03, 0.9612775E+03, 0.1679815E-04, 0.3643790E+01, 0.9899191E-01, 0.2148941E+02, 0.3609824E-03
 0.4959358E+01, -.3231207E+00, -.1775424E+03, 0.1014973E+04, 0.1596668E-04, 0.3612575E+01, 0.9423588E-01, 0.2294001E+02, 0.3662759E-03
 0.5009200E+01, -.3242048E+00, -.1857202E+03, 0.1071743E+04, 0.1517382E-04, 0.3581793E+01, 0.8968775E-01, 0.2449600E+02, 0.3716979E-03
 0.5059543E+01, -.3251512E+00, -.1942695E+03, 0.1131691E+04, 0.1441786E-04, 0.3550879E+01, 0.8534008E-01, 0.2616528E+02, 0.3772474E-03
 0.5110392E+01, -.3259729E+00, -.2031936E+03, 0.1194924E+04, 0.1369726E-04, 0.3519410E+01, 0.8118589E-01, 0.2795619E+02, 0.3829232E-03
 0.5161753E+01, -.3266810E+00, -.2124962E+03, 0.1261557E+04, 0.1301055E-04, 0.3487076E+01, 0.7721853E-01, 0.2987759E+02, 0.3887238E-03
 0.5213629E+01, -.3272852E+00, -.2221816E+03, 0.1331710E+04, 0.1235636E-04, 0.3453653E+01, 0.7343156E-01, 0.3193882E+02, 0.3946474E-03
 0.5266027E+01, -.3277941E+00, -.2322543E+03, 0.1405506E+04, 0.1173337E-04, 0.3418991E+01, 0.6981871E-01, 0.3414977E+02, 0.4006921E-03
 0.5318951E+01, -.3282153E+00, -.2427190E+03, 0.1483075E+04, 0.1114035E-04, 0.3382997E+01, 0.6637386E-01, 0.3652091E+02, 0.4068557E-03
 0.5372408E+01, -.3285556E+00, -.2535805E+03, 0.1564547E+04, 0.1057607E-04, 0.3345625E+01, 0.6309096E-01, 0.3906326E+02, 0.4131359E-03
 0.5426401E+01, -.3288213E+00, -.2648437E+03, 0.1650059E+04, 0.1003937E-04, 0.3306869E+01, 0.5996405E-01, 0.4178850E+02, 0.4195302E-03
 0.5480938E+01, -.3290180E+00, -.2765133E+03, 0.1739751E+04, 0.9529108E-05, 0.3266754E+01, 0.5698727E-01, 0.4470891E+02, 0.4260360E-03
 0.5536022E+01, -.3291509E+00, -.2885943E+03, 0.1833764E+04, 0.9044177E-05, 0.3225329E+01, 0.5415480E-01, 0.4783746E+02, 0.4326505E-03
 0.5591660E+01, -.3292246E+00, -.3010911E+03, 0.1932244E+04, 0.8583503E-05, 0.3182665E+01, 0.5146094E-01, 0.5118781E+02, 0.4393707E-03
 0.5647857E+01, -.3292436E+00, -.3140084E+03, 0.2035339E+04, 0.8146036E-05, 0.3138849E+01, 0.4890006E-01, 0.5477434E+02, 0.4461937E-03
 0.5704619E+01, -.3292116E+00, -.3273506E+03, 0.2143201E+04, 0.7730757E-05, 0.3093977E+01, 0.4646661E-01, 0.5861216E+02, 0.4531164E-03
 0.5761951E+01, -.3291323E+00, -.3411219E+03, 0.2255985E+04, 0.7336675E-05, 0.3048156E+01, 0.4415518E-01, 0.6271716E+02, 0.4601354E-03
 0.5819860E+01, -.3290089E+00, -.3553263E+03, 0.2373846E+04, 0.6962824E-05, 0.3001498E+01, 0.4196044E-01, 0.6710602E+02, 0.4672474E-03
 0.5878351E+01, -.3288443E+00, -.3699675E+03, 0.2496944E+04, 0.6608270E-05, 0.2954118E+01, 0.3987720E-01, 0.7179624E+02, 0.4744490E-03
 0.5937429E+01, -.3286411E+00, -.3850490E+03, 0.2625441E+04, 0.6272107E-05, 0.2906131E+01, 0.3790040E-01, 0.7680617E+02, 0.4817366E-03
 0.5997101E+01, -.3284018E+00, -.4005740E+03, 0.2759499E+04, 0.5953459E-05, 0.2857653E+01, 0.3602513E-01, 0.8215503E+02, 0.4891065E-03
 0.6057373E+01, -.3281283E+00, -.4165454E+03, 0.2899285E+04, 0.5651478E-05, 0.2808797E+01, 0.3424660E-01, 0.8786290E+02, 0.4965552E-03
 0.6118251E+01, -.3278227E+00, -.4329658E+03, 0.3044965E+04, 0.5365347E-05, 0.2759673E+01, 0.3256019E-01, 0.9395080E+02, 0.5040786E-03
 0.6179740E+01, -.3274864E+00, -.4498372E+03, 0.3196710E+04, 0.5094281E-05, 0.2710387E+01, 0.3096144E-01, 0.1004407E+03, 0.5116730E-03
 0.6241847E+01, -.3271211E+00, -.4671616E+03, 0.3354689E+04, 0.4837522E-05, 0.2661039E+01, 0.2944603E-01, 0.1073555E+03, 0.5193344E-03
 0.6304579E+01, -.3267279E+00, -.4849403E+03, 0.3519074E+04, 0.4594345E-05, 0.2611726E+01, 0.2800981E-01, 0.1147190E+03, 0.5270586E-03
 0.6367941E+01, -.3263080E+00, -.5031742E+03, 0.3690038E+04, 0.4364052E-05, 0.2562537E+01, 0.2664879E-01, 0.1225562E+03, 0.5348414E-03
 0.6431940E+01, -.3258622E+00, -.5218640E+03, 0.3867755E+04, 0.4145978E-05, 0.2513555E+01, 0.2535915E-01, 0.1308928E+03, 0.5426788E-03
 0.6496582E+01, -.3253915E+00, -.5410095E+03, 0.4052398E+04, 0.3939485E-05, 0.2464858E+01, 0.2413722E-01, 0.1397559E+03, 0.5505662E-03
 0.6561874E+01, -.3248964E+00, -.5606105E+03, 0.4244143E+04, 0.3743963E-05, 0.2416518E+01, 0.2297948E-01, 0.1491733E+03, 0.5584993E-03
 0.6627822E+01, -.3243774E+00, -.5806659E+03, 0.4443165E+04, 0.3558832E-05, 0.2368600E+01, 0.2188258E-01, 0.1591740E+03, 0.5664735E-03
 0.6694432E+01, -.3238351E+00, -.6011742E+03, 0.4649637E+04, 0.3383538E-05, 0.2321163E+01, 0.2084332E-01, 0.1697880E+03, 0.5744843E-03
 0.6761713E+01, -.3232698E+00, -.6221334E+03, 0.4863736E+04, 0.3217554E-05, 0.2274261E+01, 0.1985866E-01, 0.1810465E+03, 0.5825269E-03
 0.6829669E+01, -.3226817E+00, -.6435409E+03, 0.5085634E+04, 0.3060378E-05, 0.2227942E+01, 0.1892569E-01, 0.1929816E+03, 0.5905965E-03
 0.6898308E+01, -.3220710E+00, -.6653935E+03, 0.5315504E+04, 0.2911534E-05, 0.2182249E+01, 0.1804163E-01, 0.2056264E+03, 0.5986884E-03
 0.6967637E+01, -.3214378E+00, -.6876876E+03, 0.5553519E+04, 0.2770570E-05, 0.2137219E+01, 0.1720387E-01, 0.2190154E+03, 0.6067974E-03
 0.7037663E+01, -.3207821E+00, -.7104185E+03, 0.5799850E+04, 0.2637056E-05, 0.2092885E+01, 0.1640991E-01, 0.2331837E+03, 0.6149185E-03
 0.7108393E+01, -.3201039E+00, -.7335815E+03, 0.6054664E+04, 0.2510586E-05, 0.2049275E+01, 0.1565738E-01, 0.2481678E+03, 0.6230466E-03
 0.7179834E+01, -.3194032E+00, -.7571707E+03, 0.6318128E+04, 0.2390773E-05, 0.2006414E+01, 0.1494404E-01, 0.2640052E+03, 0.6311764E-03
 0.7251992E+01, -.3186798E+00, -.7811799E+03, 0.6590408E+04, 0.2277252E-05, 0.1964321E+01, 0.1426776E-01, 0.2807342E+03, 0.6393026E-03
 0.7324876E+01, -.3179335E+00, -.8056022E+03, 0.6871666E+04, 0.2169679E-05, 0.1923013E+01, 0.1362652E-01, 0.2983943E+03, 0.6474196E-03
 0.7398492E+01, -.3171642E+00, -.8304299E+03, 0.7162059E+04, 0.2067724E-05, 0.1882504E+01, 0.1301841E-01, 0.3170258E+03, 0.6555220E-03
 0.7472848E+01, -.3163717E+00, -.8556546E+03, 0.7461745E+04, 0.1971081E-05, 0.1842803E+01, 0.1244164E-01, 0.3366702E+03, 0.6636040E-03
 0.7547951E+01, -.3155556E+00, -.8812673E+03, 0.7770875E+04, 0.1879455E-05, 0.1803917E+01, 0.1189448E-01, 0.3573696E+03, 0.6716600E-03
 0.7623810E+01, -.3147157E+00, -.9072583E+03, 0.8089597E+04, 0.1792571E-05, 0.1765851E+01, 0.1137533E-01, 0.3791672E+03, 0.6796840E-03
 0.7700430E+01, -.3138518E+00, -.9336171E+03, 0.8418056E+04, 0.1710167E-05, 0.1728608E+01, 0.1088266E-01, 0.4021071E+03, 0.6876703E-03
 0.7777821E+01, -.3129634E+00, -.9603326E+03, 0.8756391E+04, 0.1631998E-05, 0.1692187E+01, 0.1041503E-01, 0.4262338E+03, 0.6956126E-03
 0.7855989E+01, -.3120502E+00, -.9873929E+03, 0.9104737E+04, 0.1557830E-05, 0.1656586E+01, 0.9971070E-02, 0.4515928E+03, 0.7035049E-03
 0.7934943E+01, -.3111119E+00, -.1014785E+04, 0.9463223E+04, 0.1487444E-05, 0.1621803E+01, 0.9549501E-02, 0.4782304E+03, 0.7113410E-03
 0.8014691E+01, -.3101481E+00, -.1042496E+04, 0.9831973E+04, 0.1420633E-05, 0.1587832E+01, 0.9149107E-02, 0.5061931E+03, 0.7191145E-03
 0.8095240E+01, -.3091584E+00, -.1070512E+04, 0.1021110E+05, 0.1357200E-05, 0.1554665E+01, 0.8768739E-02, 0.5355284E+03, 0.7268190E-03
 0.8176598E+01, -.3081424E+00, -.1098818E+04, 0.1060073E+05, 0.1296961E-05, 0.1522297E+01, 0.8407316E-02, 0.5662838E+03, 0.7344479E-03
 0.8258774E+01, -.3070997E+00, -.1127398E+04, 0.1100095E+05, 0.1239742E-05, 0.1490718E+01, 0.8063814E-02, 0.5985075E+03, 0.7419948E-03
 0.8341776E+01, -.3060298E+00, -.1156236E+04, 0.1141186E+05, 0.1185378E-05, 0.1459918E+01, 0.7737271E-02, 0.6322477E+03, 0.7494528E-03
 0.8425613E+01, -.3049324E+00, -.1185314E+04, 0.1183356E+05, 0.1133715E-05, 0.1429886E+01, 0.7426775E-02, 0.6675531E+03, 0.7568152E-03
 0.8510292E+01, -.3038071E+00, -.1214616E+04, 0.1226613E+05, 0.1084606E-05, 0.1400612E+01, 0.7131468E-02, 0.7044723E+03, 0.7640750E-03
 0.8595821E+01, -.3026533E+00, -.1244122E+04, 0.1270963E+05, 0.1037913E-05, 0.1372083E+01, 0.6850539E-02, 0.7430538E+03, 0.7712255E-03
 0.8682211E+01, -.3014706E+00, -.1273814E+04, 0.1316414E+05, 0.9935065E-06, 0.1344288E+01, 0.6583223E-02, 0.7833460E+03, 0.7782593E-03
 0.8769468E+01, -.3002586E+00, -.1303670E+04, 0.1362972E+05, 0.9512626E-06, 0.1317212E+01, 0.6328799E-02, 0.8253972E+03, 0.7851695E-03
 0.8857603E+01, -.2990168E+00, -.1333671E+04, 0.1410640E+05, 0.9110660E-06, 0.1290845E+01, 0.6086584E-02, 0.8692552E+03, 0.7919488E-03
 0.8946623E+01, -.2977448E+00, -.1363794E+04, 0.1459423E+05, 0.8728073E-06, 0.1265171E+01, 0.5855938E-02, 0.9149670E+03, 0.7985899E-03
 0.9036539E+01, -.2964420E+00, -.1394019E+04, 0.1509324E+05, 0.8363834E-06, 0.1240177E+01, 0.5636252E-02, 0.9625793E+03, 0.8050853E-03
 0.9127357E+01, -.2951080E+00, -.1424321E+04, 0.1560344E+05, 0.8016968E-06, 0.1215850E+01, 0.5426954E-02, 0.1012138E+04, 0.8114277E-03
 0.9219089E+01, -.2937423E+00, -.1454677E+04, 0.1612483E+05, 0.7686557E-06, 0.1192176E+01, 0.5227504E-02, 0.1063687E+04, 0.8176094E-03
 0.9311742E+01, -.2923444E+00, -.1485063E+04, 0.1665742E+05, 0.7371733E-06, 0.1169141E+01, 0.5037392E-02, 0.1117272E+04, 0.8236227E-03
 0.9405327E+01, -.2909138E+00, -.1515453E+04, 0.1720119E+05, 0.7071679E-06, 0.1146731E+01, 0.4856135E-02, 0.1172932E+04, 0.8294601E-03
 0.9499852E+01, -.2894500E+00, -.1545823E+04, 0.1775611E+05, 0.6785620E-06, 0.1124932E+01, 0.4683279E-02, 0.1230711E+04, 0.8351136E-03
 0.9595327E+01, -.2879524E+00, -.1576146E+04, 0.1832214E+05, 0.6512827E-06, 0.1103731E+01, 0.4518394E-02, 0.1290646E+04, 0.8405754E-03
 0.9691762E+01, -.2864206E+00, -.1606394E+04, 0.1889924E+05, 0.6252610E-06, 0.1083115E+01, 0.4361076E-02, 0.1352775E+04, 0.8458375E-03
 0.9789165E+01, -.2848540E+00, -.1636540E+04, 0.1948732E+05, 0.6004317E-06, 0.1063069E+01, 0.4210940E-02, 0.1417133E+04, 0.8508918E-03
 0.9887548E+01, -.2832520E+00, -.1666557E+04, 0.2008633E+05, 0.5767334E-06, 0.1043580E+01, 0.4067624E-02, 0.1483754E+04, 0.8557302E-03
 0.9986920E+01, -.2816141E+00, -.1696413E+04, 0.2069617E+05, 0.5541079E-06, 0.1024636E+01, 0.3930787E-02, 0.1552666E+04, 0.8603445E-03
 0.1008729E+02, -.2799397E+00, -.1726082E+04, 0.2131673E+05, 0.5325002E-06, 0.1006223E+01, 0.3800106E-02, 0.1623899E+04, 0.8647264E-03
 0.1018867E+02, -.2782281E+00, -.1755531E+04, 0.2194790E+05, 0.5118583E-06, 0.9883284E+00, 0.3675275E-02, 0.1697476E+04, 0.8688673E-03
 0.1029107E+02, -.2764788E+00, -.1784730E+04, 0.2258955E+05, 0.4921330E-06, 0.9709405E+00, 0.3556006E-02, 0.1773421E+04, 0.8727589E-03
 0.1039449E+02, -.2746911E+00, -.1813648E+04, 0.2324154E+05, 0.4732779E-06, 0.9540469E+00, 0.3442025E-02, 0.1851750E+04, 0.8763924E-03
 0.1049896E+02, -.2728644E+00, -.1842252E+04, 0.2390370E+05, 0.4552489E-06, 0.9376354E+00, 0.3333075E-02, 0.1932479E+04, 0.8797590E-03
 0.1060448E+02, -.2709978E+00, -.1870511E+04, 0.2457586E+05, 0.4380044E-06, 0.9216946E+00, 0.3228912E-02, 0.2015619E+04, 0.8828499E-03
 0.1071105E+02, -.2690907E+00, -.1898390E+04, 0.2525783E+05, 0.4215049E-06, 0.9062130E+00, 0.3129305E-02, 0.2101176E+04, 0.8856561E-03
 0.1081870E+02, -.2671424E+00, -.1925855E+04, 0.2594942E+05, 0.4057131E-06, 0.8911797E+00, 0.3034036E-02, 0.2189153E+04, 0.8881682E-03
 0.1092743E+02, -.2651518E+00, -.1952873E+04, 0.2665040E+05, 0.3905936E-06, 0.8765837E+00, 0.2942899E-02, 0.2279548E+04, 0.8903769E-03
 0.1103725E+02, -.2631183E+00, -.1979408E+04, 0.2736055E+05, 0.3761128E-06, 0.8624147E+00, 0.2855698E-02, 0.2372354E+04, 0.8922726E-03
 0.1114818E+02, -.2610408E+00, -.2005423E+04, 0.2807961E+05, 0.3622389E-06, 0.8486624E+00, 0.2772248E-02, 0.2467558E+04, 0.8938455E-03
 0.1126022E+02, -.2589184E+00, -.2030882E+04, 0.2880733E+05, 0.3489417E-06, 0.8353171E+00, 0.2692376E-02, 0.2565143E+04, 0.8950854E-03
 0.1137339E+02, -.2567500E+00, -.2055748E+04, 0.2954342E+05, 0.3361924E-06, 0.8223692E+00, 0.2615915E-02, 0.2665087E+04, 0.8959819E-03
 0.1148769E+02, -.2545344E+00, -.2079982E+04, 0.3028761E+05, 0.3239640E-06, 0.8098095E+00, 0.2542709E-02, 0.2767358E+04, 0.8965243E-03
 0.1160315E+02, -.2522703E+00, -.2103545E+04, 0.3103957E+05, 0.3122303E-06, 0.7976291E+00, 0.2472609E-02, 0.2871923E+04, 0.8967015E-03
 0.1171976E+02, -.2499564E+00, -.2126397E+04, 0.3179900E+05, 0.3009669E-06, 0.7858196E+00, 0.2405477E-02, 0.2978739E+04, 0.8965018E-03
 0.1183754E+02, -.2475911E+00, -.2148496E+04, 0.3256555E+05, 0.2901501E-06, 0.7743727E+00, 0.2341179E-02, 0.3087757E+04, 0.8959130E-03
 0.1195651E+02, -.2451728E+00, -.2169800E+04, 0.3333887E+05, 0.2797576E-06, 0.7632806E+00, 0.2279590E-02, 0.3198921E+04, 0.8949224E-03
 0.1207668E+02, -.2426997E+00, -.2190265E+04, 0.3411861E+05, 0.2697681E-06, 0.7525358E+00, 0.2220591E-02, 0.3312166E+04, 0.8935165E-03
 0.1219805E+02, -.2401697E+00, -.2209845E+04, 0.3490438E+05, 0.2601610E-06, 0.7421314E+00, 0.2164070E-02, 0.3427420E+04, 0.8916809E-03
 0.1232064E+02, -.2375805E+00, -.2228492E+04, 0.3569581E+05, 0.2509167E-06, 0.7320605E+00, 0.2109921E-02, 0.3544604E+04, 0.8894001E-03
 0.1244447E+02, -.2349296E+00, -.2246158E+04, 0.3649247E+05, 0.2420164E-06, 0.7223171E+00, 0.2058044E-02, 0.3663627E+04, 0.8866576E-03
 0.1256954E+02, -.2322139E+00, -.2262789E+04, 0.3729397E+05, 0.2334419E-06, 0.7128952E+00, 0.2008345E-02, 0.3784390E+04, 0.8834352E-03
 0.1269586E+02, -.2294303E+00, -.2278329E+04, 0.3809988E+05, 0.2251757E-06, 0.7037895E+00, 0.1960734E-02, 0.3906786E+04, 0.8797132E-03
 0.1282346E+02, -.2265748E+00, -.2292721E+04, 0.3890977E+05, 0.2172007E-06, 0.6949952E+00, 0.1915127E-02, 0.4030695E+04, 0.8754695E-03
 0.1295234E+02, -.2236432E+00, -.2305900E+04, 0.3972320E+05, 0.2095002E-06, 0.6865080E+00, 0.1871445E-02, 0.4155985E+04, 0.8706797E-03
 0.1308251E+02, -.2206301E+00, -.2317797E+04, 0.4053975E+05, 0.2020580E-06, 0.6783244E+00, 0.1829614E-02, 0.4282513E+04, 0.8653161E-03
 0.1321399E+02, -.2175296E+00, -.2328336E+04, 0.4135896E+05, 0.1948577E-06, 0.6704413E+00, 0.1789565E-02, 0.4410125E+04, 0.8593468E-03
 0.1334679E+02, -.2143345E+00, -.2337433E+04, 0.4218041E+05, 0.1878831E-06, 0.6628568E+00, 0.1751233E-02, 0.4538648E+04, 0.8527353E-03
 0.1348093E+02, -.2110362E+00, -.2344990E+04, 0.4300370E+05, 0.1811176E-06, 0.6555697E+00, 0.1714558E-02, 0.4667896E+04, 0.8454382E-03
 0.1361642E+02, -.2076241E+00, -.2350898E+04, 0.4382842E+05, 0.1745441E-06, 0.6485800E+00, 0.1679484E-02, 0.4797665E+04, 0.8374041E-03
 0.1375326E+02, -.2040852E+00, -.2355028E+04, 0.4465426E+05, 0.1681444E-06, 0.6418892E+00, 0.1645961E-02, 0.4927730E+04, 0.8285702E-03
 0.1389149E+02, -.2004030E+00, -.2357224E+04, 0.4548093E+05, 0.1618989E-06, 0.6355008E+00, 0.1613943E-02, 0.5057842E+04, 0.8188589E-03
 0.1403110E+02, -.1965563E+00, -.2357295E+04, 0.4630828E+05, 0.1557853E-06, 0.6294205E+00, 0.1583391E-02, 0.5187724E+04, 0.8081711E-03
 0.1417211E+02, -.1925170E+00, -.2354997E+04, 0.4713636E+05, 0.1497777E-06, 0.6236576E+00, 0.1554271E-02, 0.5317065E+04, 0.7963776E-03
 0.1431455E+02, -.1882465E+00, -.2350009E+04, 0.4796551E+05, 0.1438438E-06, 0.6182260E+00, 0.1526556E-02, 0.5445511E+04, 0.7833026E-03
 0.1445841E+02, -.1836895E+00, -.2341886E+04, 0.4879659E+05, 0.1379410E-06, 0.6131473E+00, 0.1500230E-02, 0.5572648E+04, 0.7686966E-03
 0.1460372E+02, -.1787615E+00, -.2329966E+04, 0.4963146E+05, 0.1320086E-06, 0.6084554E+00, 0.1475289E-02, 0.5697982E+04, 0.7521826E-03
 0.1475049E+02, -.1733223E+00, -.2313184E+04, 0.5047399E+05, 0.1259495E-06, 0.6042071E+00, 0.1451746E-02, 0.5820895E+04, 0.7331387E-03
 0.1489873E+02, -.1671050E+00, -.2289557E+04, 0.5133288E+05, 0.1195832E-06, 0.6005086E+00, 0.1429650E-02, 0.5940555E+04, 0.7103906E-03
 0.1504847E+02, -.1594568E+00, -.2254357E+04, 0.5223238E+05, 0.1124709E-06, 0.5976107E+00, 0.1409113E-02, 0.6055689E+04, 0.6810887E-03
 0.1506352E+02, -.1585531E+00, -.2249771E+04, 0.5232696E+05, 0.1116780E-06, 0.5973872E+00, 0.1407154E-02, 0.6066875E+04, 0.6775367E-03
 0.1507860E+02, -.1576104E+00, -.2244894E+04, 0.5242295E+05, 0.1108610E-06, 0.5971809E+00, 0.1405214E-02, 0.6077990E+04, 0.6738119E-03
 0.1509368E+02, -.1566223E+00, -.2239680E+04, 0.5252062E+05, 0.1100154E-06, 0.5969938E+00, 0.1403294E-02, 0.6089028E+04, 0.6698868E-03
 0.1510878E+02, -.1555805E+00, -.2234071E+04, 0.5262033E+05, 0.1091356E-06, 0.5968291E+00, 0.1401394E-02, 0.6099985E+04, 0.6657255E-03
 0.1512390E+02, -.1544737E+00, -.2227990E+04, 0.5272255E+05, 0.1082139E-06, 0.5966905E+00, 0.1399515E-02, 0.6110853E+04, 0.6612794E-03
 0.1513903E+02, -.1532862E+00, -.2221324E+04, 0.5282797E+05, 0.1072396E-06, 0.5965837E+00, 0.1397658E-02, 0.6121626E+04, 0.6564805E-03
 0.1515418E+02, -.1519945E+00, -.2213910E+04, 0.5293762E+05, 0.1061964E-06, 0.5965168E+00, 0.1395825E-02, 0.6132294E+04, 0.6512274E-03
 0.1516934E+02, -.1505607E+00, -.2205486E+04, 0.5305314E+05, 0.1050584E-06, 0.5965027E+00, 0.1394017E-02, 0.6142845E+04, 0.6453576E-03
 0.1518452E+02, -.1489169E+00, -.2195577E+04, 0.5317754E+05, 0.1037788E-06, 0.5965647E+00, 0.1392238E-02, 0.6153261E+04, 0.6385778E-03
 0.1519971E+02, -.1469124E+00, -.2183139E+04, 0.5331753E+05, 0.1022535E-06, 0.5967537E+00, 0.1390492E-02, 0.6163514E+04, 0.6302406E-03